[debug] [2026-09-05T06:42:43.614Z] ----------------------------------------------------------------------
[debug] [2026-09-05T06:42:43.616Z] Command:       /opt/homebrew/Cellar/node/26.4.0/bin/node /opt/homebrew/bin/firebase deploy --only hosting
[debug] [2026-09-05T06:42:43.616Z] CLI Version:   15.22.2
[debug] [2026-09-05T06:42:43.616Z] Platform:      darwin
[debug] [2026-09-05T06:42:43.616Z] Node Version:  v26.4.0
[debug] [2026-09-05T06:42:43.616Z] Detected Agent: unknown
[debug] [2026-09-05T06:42:43.616Z] Time:          Sat Sep 05 2026 15:42:43 GMT+0900 (Japan Standard Time)
[debug] [2026-09-05T06:42:43.617Z] ----------------------------------------------------------------------
[debug] 
[debug] [2026-09-05T06:42:44.266Z] > command requires scopes: ["email","openid","https://www.googleapis.com/auth/cloudplatformprojects.readonly","https://www.googleapis.com/auth/firebase","https://www.googleapis.com/auth/cloud-platform"]
[debug] [2026-09-05T06:42:44.266Z] > authorizing via signed-in user (yumetsukigame@gmail.com)
[debug] [2026-09-05T06:42:44.266Z] [iam] checking project point-app-1f854 for permissions ["firebase.projects.get","firebasehosting.sites.update"]
[debug] [2026-09-05T06:42:44.266Z] Checked if tokens are valid: true, expires at: 1788592109661
[debug] [2026-09-05T06:42:44.267Z] Checked if tokens are valid: true, expires at: 1788592109661
[debug] [2026-09-05T06:42:44.267Z] >>> [apiv2][query] POST https://cloudresourcemanager.googleapis.com/v1/projects/point-app-1f854:testIamPermissions [none]
[debug] [2026-09-05T06:42:44.267Z] >>> [apiv2][(partial)header] POST https://cloudresourcemanager.googleapis.com/v1/projects/point-app-1f854:testIamPermissions  x-goog-user-project=point-app-1f854
[debug] [2026-09-05T06:42:44.267Z] >>> [apiv2][body] POST https://cloudresourcemanager.googleapis.com/v1/projects/point-app-1f854:testIamPermissions {"permissions":["firebase.projects.get","firebasehosting.sites.update"]}
[debug] [2026-09-05T06:42:44.906Z] <<< [apiv2][status] POST https://cloudresourcemanager.googleapis.com/v1/projects/point-app-1f854:testIamPermissions 200
[debug] [2026-09-05T06:42:44.906Z] <<< [apiv2][body] POST https://cloudresourcemanager.googleapis.com/v1/projects/point-app-1f854:testIamPermissions {"permissions":["firebase.projects.get","firebasehosting.sites.update"]}
[debug] [2026-09-05T06:42:44.906Z] Checked if tokens are valid: true, expires at: 1788592109661
[debug] [2026-09-05T06:42:44.906Z] Checked if tokens are valid: true, expires at: 1788592109661
[debug] [2026-09-05T06:42:44.907Z] >>> [apiv2][query] GET https://firebase.googleapis.com/v1beta1/projects/point-app-1f854 [none]
[debug] [2026-09-05T06:42:45.253Z] <<< [apiv2][status] GET https://firebase.googleapis.com/v1beta1/projects/point-app-1f854 200
[debug] [2026-09-05T06:42:45.253Z] <<< [apiv2][body] GET https://firebase.googleapis.com/v1beta1/projects/point-app-1f854 {"projectId":"point-app-1f854","projectNumber":"892402029397","displayName":"point-app","name":"projects/point-app-1f854","resources":{"hostingSite":"point-app-1f854"},"state":"ACTIVE","labels":{"firebase":"enabled","firebase/storage-default-bucket":"created"},"etag":"1_6738c0ef-da6e-476a-a7ae-36febe63273a"}
[debug] [2026-09-05T06:42:46.266Z] defaultcredentials: writing to file /Users/itohiya/.config/firebase/yumetsukigame_gmail_com_application_default_credentials.json
[debug] [2026-09-05T06:42:46.267Z] Checked if tokens are valid: true, expires at: 1788592109661
[debug] [2026-09-05T06:42:46.267Z] Checked if tokens are valid: true, expires at: 1788592109661
[debug] [2026-09-05T06:42:46.267Z] >>> [apiv2][query] GET https://firebasehosting.googleapis.com/v1beta1/projects/point-app-1f854/sites pageToken=&pageSize=10
[debug] [2026-09-05T06:42:47.229Z] <<< [apiv2][status] GET https://firebasehosting.googleapis.com/v1beta1/projects/point-app-1f854/sites 200
[debug] [2026-09-05T06:42:47.229Z] <<< [apiv2][body] GET https://firebasehosting.googleapis.com/v1beta1/projects/point-app-1f854/sites {"sites":[{"name":"projects/point-app-1f854/sites/point-app-1f854","defaultUrl":"https://point-app-1f854.web.app","type":"DEFAULT_SITE"}]}
[debug] [2026-09-05T06:42:47.229Z] Checked if tokens are valid: true, expires at: 1788592109661
[debug] [2026-09-05T06:42:47.229Z] Checked if tokens are valid: true, expires at: 1788592109661
[debug] [2026-09-05T06:42:47.229Z] >>> [apiv2][query] GET https://firebasehosting.googleapis.com/v1beta1/projects/point-app-1f854/sites 
[debug] [2026-09-05T06:42:47.923Z] <<< [apiv2][status] GET https://firebasehosting.googleapis.com/v1beta1/projects/point-app-1f854/sites 200
[debug] [2026-09-05T06:42:47.923Z] <<< [apiv2][body] GET https://firebasehosting.googleapis.com/v1beta1/projects/point-app-1f854/sites {"sites":[{"name":"projects/point-app-1f854/sites/point-app-1f854","defaultUrl":"https://point-app-1f854.web.app","type":"DEFAULT_SITE"}]}
[debug] [2026-09-05T06:42:47.924Z] Checked if tokens are valid: true, expires at: 1788592109661
[debug] [2026-09-05T06:42:47.924Z] Checked if tokens are valid: true, expires at: 1788592109661
[debug] [2026-09-05T06:42:47.924Z] >>> [apiv2][query] GET https://firebase.googleapis.com/v1beta1/projects/point-app-1f854/webApps/-/config [none]
[debug] [2026-09-05T06:42:49.096Z] <<< [apiv2][status] GET https://firebase.googleapis.com/v1beta1/projects/point-app-1f854/webApps/-/config 200
[debug] [2026-09-05T06:42:49.096Z] <<< [apiv2][body] GET https://firebase.googleapis.com/v1beta1/projects/point-app-1f854/webApps/-/config {"projectId":"point-app-1f854","appId":"1:892402029397:web:d58294a612406c47ce95dc","storageBucket":"point-app-1f854.firebasestorage.app","apiKey":"AIzaSyDaoJLk44JYOQkij3XF_OUoui2cqjQLP_k","authDomain":"point-app-1f854.firebaseapp.com","messagingSenderId":"892402029397","projectNumber":"892402029397","version":"2"}
[info] 
   Thank you for trying our early preview of Next.js support on Firebase Hosting.
   During the preview, support is best-effort and breaking changes can be expected. Proceed with caution.

   Documentation: https://firebase.google.com/docs/hosting/frameworks/nextjs
   File a bug: https://github.com/firebase/firebase-tools/issues/new?template=bug_report.md
   Submit a feature request: https://github.com/firebase/firebase-tools/issues/new?template=feature_request.md

   We'd love to learn from you. Express your interest in helping us shape the future of Firebase Hosting: https://goo.gle/41enW5X

[debug] [2026-09-05T06:42:51.100Z] Checked if tokens are valid: true, expires at: 1788592109661
[debug] [2026-09-05T06:42:51.100Z] Checked if tokens are valid: true, expires at: 1788592109661
[debug] [2026-09-05T06:42:51.100Z] >>> [apiv2][query] GET https://firebasehosting.googleapis.com/v1beta1/projects/point-app-1f854/sites/point-app-1f854 [none]
[debug] [2026-09-05T06:42:51.689Z] <<< [apiv2][status] GET https://firebasehosting.googleapis.com/v1beta1/projects/point-app-1f854/sites/point-app-1f854 200
[debug] [2026-09-05T06:42:51.689Z] <<< [apiv2][body] GET https://firebasehosting.googleapis.com/v1beta1/projects/point-app-1f854/sites/point-app-1f854 {"name":"projects/point-app-1f854/sites/point-app-1f854","defaultUrl":"https://point-app-1f854.web.app","type":"DEFAULT_SITE"}
[info]  ⚠ Invalid next.config.js options detected: 

[info]  ⚠     Expected object, received boolean at "experimental.turbo"
 ⚠ See more info here: https://nextjs.org/docs/messages/invalid-next-config

[info]    ▲ Next.js 15.5.19

[info]    - Environments: .env.local


[info]    Creating an optimized production build ...

[info]  ✓ Compiled successfully in 1714ms

[info]    Skipping validation of types

[info]    Skipping linting

[info]    Collecting page data ...

[info]    Generating static pages (0/53) ...

[info]  ⚠ Unsupported metadata themeColor is configured in metadata export in /nibuichi. Please move it to viewport export instead.
Read more: https://nextjs.org/docs/app/api-reference/functions/generate-viewport

[info]  ⚠ Unsupported metadata themeColor is configured in metadata export in /admin/images. Please move it to viewport export instead.
Read more: https://nextjs.org/docs/app/api-reference/functions/generate-viewport

[info]  ⚠ Unsupported metadata themeColor is configured in metadata export in /_not-found. Please move it to viewport export instead.
Read more: https://nextjs.org/docs/app/api-reference/functions/generate-viewport

[info]  ⚠ Unsupported metadata themeColor is configured in metadata export in /admin/images/upload. Please move it to viewport export instead.
Read more: https://nextjs.org/docs/app/api-reference/functions/generate-viewport
 ⚠ Unsupported metadata themeColor is configured in metadata export in /admin/quizzes/add. Please move it to viewport export instead.
Read more: https://nextjs.org/docs/app/api-reference/functions/generate-viewport
 ⚠ Unsupported metadata themeColor is configured in metadata export in /admin/nibuichi. Please move it to viewport export instead.
Read more: https://nextjs.org/docs/app/api-reference/functions/generate-viewport
 ⚠ Unsupported metadata themeColor is configured in metadata export in /admin/rewards/add. Please move it to viewport export instead.
Read more: https://nextjs.org/docs/app/api-reference/functions/generate-viewport
 ⚠ Unsupported metadata themeColor is configured in metadata export in /admin/quizzes. Please move it to viewport export instead.
Read more: https://nextjs.org/docs/app/api-reference/functions/generate-viewport
 ⚠ Unsupported metadata themeColor is configured in metadata export in /admin/shipping. Please move it to viewport export instead.
Read more: https://nextjs.org/docs/app/api-reference/functions/generate-viewport
 ⚠ Unsupported metadata themeColor is configured in metadata export in /admin/shipping/stats. Please move it to viewport export instead.
Read more: https://nextjs.org/docs/app/api-reference/functions/generate-viewport

[info]  ⚠ Unsupported metadata themeColor is configured in metadata export in /archive/memories. Please move it to viewport export instead.
Read more: https://nextjs.org/docs/app/api-reference/functions/generate-viewport
 ⚠ Unsupported metadata themeColor is configured in metadata export in /quizzes. Please move it to viewport export instead.
Read more: https://nextjs.org/docs/app/api-reference/functions/generate-viewport
 ⚠ Unsupported metadata themeColor is configured in metadata export in /profile. Please move it to viewport export instead.
Read more: https://nextjs.org/docs/app/api-reference/functions/generate-viewport
 ⚠ Unsupported metadata themeColor is configured in metadata export in /reward. Please move it to viewport export instead.
Read more: https://nextjs.org/docs/app/api-reference/functions/generate-viewport
 ⚠ Unsupported metadata themeColor is configured in metadata export in /guide. Please move it to viewport export instead.
Read more: https://nextjs.org/docs/app/api-reference/functions/generate-viewport
 ⚠ Unsupported metadata themeColor is configured in metadata export in /reward/complete. Please move it to viewport export instead.
Read more: https://nextjs.org/docs/app/api-reference/functions/generate-viewport

[info]  ⚠ Unsupported metadata themeColor is configured in metadata export in /history. Please move it to viewport export instead.
Read more: https://nextjs.org/docs/app/api-reference/functions/generate-viewport
 ⚠ Unsupported metadata themeColor is configured in metadata export in /archive. Please move it to viewport export instead.
Read more: https://nextjs.org/docs/app/api-reference/functions/generate-viewport
 ⚠ Unsupported metadata themeColor is configured in metadata export in /gacha/list. Please move it to viewport export instead.
Read more: https://nextjs.org/docs/app/api-reference/functions/generate-viewport
 ⚠ Unsupported metadata themeColor is configured in metadata export in /gacha. Please move it to viewport export instead.
Read more: https://nextjs.org/docs/app/api-reference/functions/generate-viewport

[info]  ⚠ Unsupported metadata themeColor is configured in metadata export in /archive/osusowake. Please move it to viewport export instead.
Read more: https://nextjs.org/docs/app/api-reference/functions/generate-viewport

[info]    Generating static pages (13/53) 

[info]  ⚠ Unsupported metadata themeColor is configured in metadata export in /admin/users. Please move it to viewport export instead.
Read more: https://nextjs.org/docs/app/api-reference/functions/generate-viewport
 ⚠ Unsupported metadata themeColor is configured in metadata export in /admin/shipping/history. Please move it to viewport export instead.
Read more: https://nextjs.org/docs/app/api-reference/functions/generate-viewport
 ⚠ Unsupported metadata themeColor is configured in metadata export in /admin/gacha/list. Please move it to viewport export instead.
Read more: https://nextjs.org/docs/app/api-reference/functions/generate-viewport
 ⚠ Unsupported metadata themeColor is configured in metadata export in /admin/rewards. Please move it to viewport export instead.
Read more: https://nextjs.org/docs/app/api-reference/functions/generate-viewport
 ⚠ Unsupported metadata themeColor is configured in metadata export in /admin/create-code. Please move it to viewport export instead.
Read more: https://nextjs.org/docs/app/api-reference/functions/generate-viewport
 ⚠ Unsupported metadata themeColor is configured in metadata export in /signup. Please move it to viewport export instead.
Read more: https://nextjs.org/docs/app/api-reference/functions/generate-viewport
 ⚠ Unsupported metadata themeColor is configured in metadata export in /gacha/archive. Please move it to viewport export instead.
Read more: https://nextjs.org/docs/app/api-reference/functions/generate-viewport
 ⚠ Unsupported metadata themeColor is configured in metadata export in /admin/nibuichi/edit-stats. Please move it to viewport export instead.
Read more: https://nextjs.org/docs/app/api-reference/functions/generate-viewport

[info]  ⚠ Unsupported metadata themeColor is configured in metadata export in /admin/gacha/results. Please move it to viewport export instead.
Read more: https://nextjs.org/docs/app/api-reference/functions/generate-viewport
 ⚠ Unsupported metadata themeColor is configured in metadata export in /admin/codes. Please move it to viewport export instead.
Read more: https://nextjs.org/docs/app/api-reference/functions/generate-viewport
 ⚠ Unsupported metadata themeColor is configured in metadata export in /admin/history. Please move it to viewport export instead.
Read more: https://nextjs.org/docs/app/api-reference/functions/generate-viewport
 ⚠ Unsupported metadata themeColor is configured in metadata export in /archive/orica. Please move it to viewport export instead.
Read more: https://nextjs.org/docs/app/api-reference/functions/generate-viewport
 ⚠ Unsupported metadata themeColor is configured in metadata export in /admin/gacha/manage. Please move it to viewport export instead.
Read more: https://nextjs.org/docs/app/api-reference/functions/generate-viewport
 ⚠ Unsupported metadata themeColor is configured in metadata export in /admin/login. Please move it to viewport export instead.
Read more: https://nextjs.org/docs/app/api-reference/functions/generate-viewport

[info]  ⚠ Unsupported metadata themeColor is configured in metadata export in /code. Please move it to viewport export instead.
Read more: https://nextjs.org/docs/app/api-reference/functions/generate-viewport
 ⚠ Unsupported metadata themeColor is configured in metadata export in /nibuichi/calendar. Please move it to viewport export instead.
Read more: https://nextjs.org/docs/app/api-reference/functions/generate-viewport
 ⚠ Unsupported metadata themeColor is configured in metadata export in /gacha/results. Please move it to viewport export instead.
Read more: https://nextjs.org/docs/app/api-reference/functions/generate-viewport
 ⚠ Unsupported metadata themeColor is configured in metadata export in /nibuichi/history. Please move it to viewport export instead.
Read more: https://nextjs.org/docs/app/api-reference/functions/generate-viewport
 ⚠ Unsupported metadata themeColor is configured in metadata export in /nibuichi/guide. Please move it to viewport export instead.
Read more: https://nextjs.org/docs/app/api-reference/functions/generate-viewport
 ⚠ Unsupported metadata themeColor is configured in metadata export in /login. Please move it to viewport export instead.
Read more: https://nextjs.org/docs/app/api-reference/functions/generate-viewport

[info]  ⚠ Unsupported metadata themeColor is configured in metadata export in /admin/nibuichi/history. Please move it to viewport export instead.
Read more: https://nextjs.org/docs/app/api-reference/functions/generate-viewport
 ⚠ Unsupported metadata themeColor is configured in metadata export in /admin/gacha. Please move it to viewport export instead.
Read more: https://nextjs.org/docs/app/api-reference/functions/generate-viewport
 ⚠ Unsupported metadata themeColor is configured in metadata export in /admin. Please move it to viewport export instead.
Read more: https://nextjs.org/docs/app/api-reference/functions/generate-viewport
 ⚠ Unsupported metadata themeColor is configured in metadata export in /quizzes/ranking. Please move it to viewport export instead.
Read more: https://nextjs.org/docs/app/api-reference/functions/generate-viewport

[info]    Generating static pages (26/53) 

[info]  ⚠ Unsupported metadata themeColor is configured in metadata export in /admin/valid-codes. Please move it to viewport export instead.
Read more: https://nextjs.org/docs/app/api-reference/functions/generate-viewport

[info]    Generating static pages (39/53) 

[info]  ⚠ Unsupported metadata themeColor is configured in metadata export in /my-reward. Please move it to viewport export instead.
Read more: https://nextjs.org/docs/app/api-reference/functions/generate-viewport
 ⚠ Unsupported metadata themeColor is configured in metadata export in /nibuichi/ranking. Please move it to viewport export instead.
Read more: https://nextjs.org/docs/app/api-reference/functions/generate-viewport
 ⚠ Unsupported metadata themeColor is configured in metadata export in /quizzes/archive. Please move it to viewport export instead.
Read more: https://nextjs.org/docs/app/api-reference/functions/generate-viewport
 ⚠ Unsupported metadata themeColor is configured in metadata export in /. Please move it to viewport export instead.
Read more: https://nextjs.org/docs/app/api-reference/functions/generate-viewport

[info]  ✓ Generating static pages (53/53)

[info]    Finalizing page optimization ...

[info]    Collecting build traces ...

[info] 

[info] Route (app)                                 Size  First Load JS
┌ ○ /                                    4.53 kB         315 kB
├ ○ /_not-found                            995 B         103 kB
├ ○ /admin                                3.1 kB         314 kB
├ ○ /admin/codes                         1.52 kB         309 kB
├ ƒ /admin/codes/[code]                   1.4 kB         309 kB
├ ○ /admin/create-code                   1.27 kB         308 kB
├ ○ /admin/gacha                         3.21 kB         310 kB
├ ○ /admin/gacha/list                    2.98 kB         310 kB
├ ○ /admin/gacha/manage                  4.25 kB         311 kB
├ ○ /admin/gacha/results                 2.56 kB         310 kB
├ ○ /admin/history                       1.65 kB         309 kB
├ ○ /admin/images                        1.77 kB         312 kB
├ ƒ /admin/images/[id]                   2.37 kB         310 kB
├ ○ /admin/images/upload                 2.48 kB         310 kB
├ ○ /admin/login                         1.35 kB         312 kB
├ ○ /admin/nibuichi                      3.84 kB         316 kB
├ ○ /admin/nibuichi/edit-stats           1.69 kB         309 kB
├ ○ /admin/nibuichi/history              2.11 kB         309 kB
├ ○ /admin/quizzes                       2.25 kB         313 kB
├ ○ /admin/quizzes/add                   2.24 kB         309 kB
├ ƒ /admin/quizzes/edit/[id]             2.51 kB         310 kB
├ ○ /admin/rewards                       1.41 kB         312 kB
├ ○ /admin/rewards/add                   1.73 kB         309 kB
├ ƒ /admin/rewards/edit/[id]             1.76 kB         309 kB
├ ○ /admin/shipping                       3.7 kB         311 kB
├ ○ /admin/shipping/history              2.21 kB         309 kB
├ ○ /admin/shipping/stats                1.15 kB         308 kB
├ ○ /admin/users                         3.83 kB         314 kB
├ ƒ /admin/users/[uid]                   1.42 kB         309 kB
├ ○ /admin/valid-codes                   1.98 kB         309 kB
├ ƒ /api/memories-images                   135 B         103 kB
├ ƒ /api/rewards-images                    135 B         103 kB
├ ○ /archive                               135 B         103 kB
├ ○ /archive/memories                    1.53 kB         309 kB
├ ○ /archive/orica                       1.86 kB         309 kB
├ ○ /archive/osusowake                     165 B         106 kB
├ ○ /code                                1.87 kB         309 kB
├ ○ /gacha                                4.5 kB         312 kB
├ ƒ /gacha/[code]                        3.73 kB         311 kB
├ ○ /gacha/archive                         271 B         314 kB
├ ○ /gacha/list                          5.91 kB         313 kB
├ ○ /gacha/results                         861 B         315 kB
├ ○ /guide                               2.42 kB         113 kB
├ ○ /history                             1.99 kB         309 kB
├ ○ /login                               2.26 kB         313 kB
├ ○ /my-reward                           2.18 kB         313 kB
├ ○ /nibuichi                            3.98 kB         320 kB
├ ○ /nibuichi/calendar                   3.03 kB         314 kB
├ ○ /nibuichi/guide                      1.33 kB         112 kB
├ ○ /nibuichi/history                    2.25 kB         309 kB
├ ○ /nibuichi/ranking                    2.61 kB         310 kB
├ ○ /profile                             2.62 kB         310 kB
├ ○ /quizzes                             2.19 kB         313 kB
├ ƒ /quizzes/[id]                        2.87 kB         313 kB
├ ○ /quizzes/archive                     1.81 kB         312 kB
├ ƒ /quizzes/archive/[id]                1.27 kB         308 kB
├ ○ /quizzes/ranking                      2.5 kB         313 kB
├ ○ /reward                              1.71 kB         309 kB
├ ○ /reward/complete                       773 B         107 kB
└ ○ /signup                              2.08 kB         313 kB
+ First Load JS shared by all             102 kB
  ├ chunks/1255-5c680abb9db89955.js      46.2 kB
  ├ chunks/4bd1b696-f785427dddbba9fb.js  54.2 kB
  └ other shared chunks (total)          1.95 kB


[info] 
○  (Static)   prerendered as static content
ƒ  (Dynamic)  server-rendered on demand


[info] Building a Cloud Function to run this application. This is needed due to:
[info]  • Image Optimization
[info]  • non-static component /api/rewards-images/route
[info]  • non-static component /api/memories-images/route
[info]  • non-static component /gacha/[code]/page
[info]  • non-static component /quizzes/archive/[id]/page
[debug] [2026-09-05T06:43:00.997Z]  • non-static component /quizzes/[id]/page
[debug] [2026-09-05T06:43:00.997Z]  • non-static component /admin/images/[id]/page
[debug] [2026-09-05T06:43:00.997Z]  • non-static component /admin/codes/[code]/page
[debug] [2026-09-05T06:43:00.997Z]  • non-static component /admin/rewards/edit/[id]/page
[debug] [2026-09-05T06:43:00.997Z]  • non-static component /admin/quizzes/edit/[id]/page
[debug] [2026-09-05T06:43:00.997Z]  • non-static component /admin/users/[uid]/page
[info]  • and 6 other reasons, use --debug to see more
[info] 
[debug] [2026-09-05T06:43:03.047Z] Checked if tokens are valid: true, expires at: 1788592109661
[debug] [2026-09-05T06:43:03.048Z] Checked if tokens are valid: true, expires at: 1788592109661
[debug] [2026-09-05T06:43:03.048Z] >>> [apiv2][query] GET https://firebasehosting.googleapis.com/v1beta1/projects/point-app-1f854/sites/point-app-1f854 [none]
[debug] [2026-09-05T06:43:03.779Z] <<< [apiv2][status] GET https://firebasehosting.googleapis.com/v1beta1/projects/point-app-1f854/sites/point-app-1f854 200
[debug] [2026-09-05T06:43:03.779Z] <<< [apiv2][body] GET https://firebasehosting.googleapis.com/v1beta1/projects/point-app-1f854/sites/point-app-1f854 {"name":"projects/point-app-1f854/sites/point-app-1f854","defaultUrl":"https://point-app-1f854.web.app","type":"DEFAULT_SITE"}
[warn] ⚠  This integration expects Node version 20, 22, or 24. You're running version 26, problems may be encountered. 
[debug] [2026-09-05T06:43:07.764Z] [web frameworks] effective firebase.json:  {
  "hosting": [
    {
      "source": ".",
      "site": "point-app-1f854",
      "rewrites": [
        {
          "source": "**",
          "function": {
            "functionId": "ssrpointapp1f854",
            "region": "us-central1",
            "pinTag": true
          }
        }
      ],
      "redirects": [],
      "headers": [
        {
          "source": "/_not-found",
          "headers": [
            {
              "key": "x-nextjs-stale-time",
              "value": "300"
            },
            {
              "key": "x-nextjs-prerender",
              "value": "1"
            },
            {
              "key": "x-next-cache-tags",
              "value": "_N_T_/layout,_N_T_/_not-found/layout,_N_T_/_not-found/page,_N_T_/_not-found"
            }
          ]
        },
        {
          "source": "/archive/orica",
          "headers": [
            {
              "key": "x-nextjs-stale-time",
              "value": "300"
            },
            {
              "key": "x-nextjs-prerender",
              "value": "1"
            },
            {
              "key": "x-next-cache-tags",
              "value": "_N_T_/layout,_N_T_/archive/layout,_N_T_/archive/orica/layout,_N_T_/archive/orica/page,_N_T_/archive/orica"
            }
          ]
        },
        {
          "source": "/archive/osusowake",
          "headers": [
            {
              "key": "x-nextjs-stale-time",
              "value": "300"
            },
            {
              "key": "x-nextjs-prerender",
              "value": "1"
            },
            {
              "key": "x-next-cache-tags",
              "value": "_N_T_/layout,_N_T_/archive/layout,_N_T_/archive/osusowake/layout,_N_T_/archive/osusowake/page,_N_T_/archive/osusowake"
            }
          ]
        },
        {
          "source": "/archive",
          "headers": [
            {
              "key": "x-nextjs-stale-time",
              "value": "300"
            },
            {
              "key": "x-nextjs-prerender",
              "value": "1"
            },
            {
              "key": "x-next-cache-tags",
              "value": "_N_T_/layout,_N_T_/archive/layout,_N_T_/archive/page,_N_T_/archive"
            }
          ]
        },
        {
          "source": "/favicon.ico",
          "headers": [
            {
              "key": "cache-control",
              "value": "public, max-age=0, must-revalidate"
            },
            {
              "key": "content-type",
              "value": "image/x-icon"
            },
            {
              "key": "x-next-cache-tags",
              "value": "_N_T_/layout,_N_T_/favicon.ico/layout,_N_T_/favicon.ico/route,_N_T_/favicon.ico"
            }
          ]
        },
        {
          "source": "/gacha/list",
          "headers": [
            {
              "key": "x-nextjs-stale-time",
              "value": "300"
            },
            {
              "key": "x-nextjs-prerender",
              "value": "1"
            },
            {
              "key": "x-next-cache-tags",
              "value": "_N_T_/layout,_N_T_/gacha/layout,_N_T_/gacha/list/layout,_N_T_/gacha/list/page,_N_T_/gacha/list"
            }
          ]
        },
        {
          "source": "/gacha/archive",
          "headers": [
            {
              "key": "x-nextjs-stale-time",
              "value": "300"
            },
            {
              "key": "x-nextjs-prerender",
              "value": "1"
            },
            {
              "key": "x-next-cache-tags",
              "value": "_N_T_/layout,_N_T_/gacha/layout,_N_T_/gacha/archive/layout,_N_T_/gacha/archive/page,_N_T_/gacha/archive"
            }
          ]
        },
        {
          "source": "/gacha",
          "headers": [
            {
              "key": "x-nextjs-stale-time",
              "value": "300"
            },
            {
              "key": "x-nextjs-prerender",
              "value": "1"
            },
            {
              "key": "x-next-cache-tags",
              "value": "_N_T_/layout,_N_T_/gacha/layout,_N_T_/gacha/page,_N_T_/gacha"
            }
          ]
        },
        {
          "source": "/archive/memories",
          "headers": [
            {
              "key": "x-nextjs-stale-time",
              "value": "300"
            },
            {
              "key": "x-nextjs-prerender",
              "value": "1"
            },
            {
              "key": "x-next-cache-tags",
              "value": "_N_T_/layout,_N_T_/archive/layout,_N_T_/archive/memories/layout,_N_T_/archive/memories/page,_N_T_/archive/memories"
            }
          ]
        },
        {
          "source": "/code",
          "headers": [
            {
              "key": "x-nextjs-stale-time",
              "value": "300"
            },
            {
              "key": "x-nextjs-prerender",
              "value": "1"
            },
            {
              "key": "x-next-cache-tags",
              "value": "_N_T_/layout,_N_T_/code/layout,_N_T_/code/page,_N_T_/code"
            }
          ]
        },
        {
          "source": "/history",
          "headers": [
            {
              "key": "x-nextjs-stale-time",
              "value": "300"
            },
            {
              "key": "x-nextjs-prerender",
              "value": "1"
            },
            {
              "key": "x-next-cache-tags",
              "value": "_N_T_/layout,_N_T_/history/layout,_N_T_/history/page,_N_T_/history"
            }
          ]
        },
        {
          "source": "/guide",
          "headers": [
            {
              "key": "x-nextjs-stale-time",
              "value": "300"
            },
            {
              "key": "x-nextjs-prerender",
              "value": "1"
            },
            {
              "key": "x-next-cache-tags",
              "value": "_N_T_/layout,_N_T_/guide/layout,_N_T_/guide/page,_N_T_/guide"
            }
          ]
        },
        {
          "source": "/nibuichi/guide",
          "headers": [
            {
              "key": "x-nextjs-stale-time",
              "value": "300"
            },
            {
              "key": "x-nextjs-prerender",
              "value": "1"
            },
            {
              "key": "x-next-cache-tags",
              "value": "_N_T_/layout,_N_T_/nibuichi/layout,_N_T_/nibuichi/guide/layout,_N_T_/nibuichi/guide/page,_N_T_/nibuichi/guide"
            }
          ]
        },
        {
          "source": "/gacha/results",
          "headers": [
            {
              "key": "x-nextjs-stale-time",
              "value": "300"
            },
            {
              "key": "x-nextjs-prerender",
              "value": "1"
            },
            {
              "key": "x-next-cache-tags",
              "value": "_N_T_/layout,_N_T_/gacha/layout,_N_T_/gacha/results/layout,_N_T_/gacha/results/page,_N_T_/gacha/results"
            }
          ]
        },
        {
          "source": "/my-reward",
          "headers": [
            {
              "key": "x-nextjs-stale-time",
              "value": "300"
            },
            {
              "key": "x-nextjs-prerender",
              "value": "1"
            },
            {
              "key": "x-next-cache-tags",
              "value": "_N_T_/layout,_N_T_/my-reward/layout,_N_T_/my-reward/page,_N_T_/my-reward"
            }
          ]
        },
        {
          "source": "/login",
          "headers": [
            {
              "key": "x-nextjs-stale-time",
              "value": "300"
            },
            {
              "key": "x-nextjs-prerender",
              "value": "1"
            },
            {
              "key": "x-next-cache-tags",
              "value": "_N_T_/layout,_N_T_/login/layout,_N_T_/login/page,_N_T_/login"
            }
          ]
        },
        {
          "source": "/quizzes",
          "headers": [
            {
              "key": "x-nextjs-stale-time",
              "value": "300"
            },
            {
              "key": "x-nextjs-prerender",
              "value": "1"
            },
            {
              "key": "x-next-cache-tags",
              "value": "_N_T_/layout,_N_T_/quizzes/layout,_N_T_/quizzes/page,_N_T_/quizzes"
            }
          ]
        },
        {
          "source": "/nibuichi",
          "headers": [
            {
              "key": "x-nextjs-stale-time",
              "value": "300"
            },
            {
              "key": "x-nextjs-prerender",
              "value": "1"
            },
            {
              "key": "x-next-cache-tags",
              "value": "_N_T_/layout,_N_T_/nibuichi/layout,_N_T_/nibuichi/page,_N_T_/nibuichi"
            }
          ]
        },
        {
          "source": "/nibuichi/ranking",
          "headers": [
            {
              "key": "x-nextjs-stale-time",
              "value": "300"
            },
            {
              "key": "x-nextjs-prerender",
              "value": "1"
            },
            {
              "key": "x-next-cache-tags",
              "value": "_N_T_/layout,_N_T_/nibuichi/layout,_N_T_/nibuichi/ranking/layout,_N_T_/nibuichi/ranking/page,_N_T_/nibuichi/ranking"
            }
          ]
        },
        {
          "source": "/reward",
          "headers": [
            {
              "key": "x-nextjs-stale-time",
              "value": "300"
            },
            {
              "key": "x-nextjs-prerender",
              "value": "1"
            },
            {
              "key": "x-next-cache-tags",
              "value": "_N_T_/layout,_N_T_/reward/layout,_N_T_/reward/page,_N_T_/reward"
            }
          ]
        },
        {
          "source": "/nibuichi/calendar",
          "headers": [
            {
              "key": "x-nextjs-stale-time",
              "value": "300"
            },
            {
              "key": "x-nextjs-prerender",
              "value": "1"
            },
            {
              "key": "x-next-cache-tags",
              "value": "_N_T_/layout,_N_T_/nibuichi/layout,_N_T_/nibuichi/calendar/layout,_N_T_/nibuichi/calendar/page,_N_T_/nibuichi/calendar"
            }
          ]
        },
        {
          "source": "/reward/complete",
          "headers": [
            {
              "key": "x-nextjs-stale-time",
              "value": "300"
            },
            {
              "key": "x-nextjs-prerender",
              "value": "1"
            },
            {
              "key": "x-next-cache-tags",
              "value": "_N_T_/layout,_N_T_/reward/layout,_N_T_/reward/complete/layout,_N_T_/reward/complete/page,_N_T_/reward/complete"
            }
          ]
        },
        {
          "source": "/quizzes/ranking",
          "headers": [
            {
              "key": "x-nextjs-stale-time",
              "value": "300"
            },
            {
              "key": "x-nextjs-prerender",
              "value": "1"
            },
            {
              "key": "x-next-cache-tags",
              "value": "_N_T_/layout,_N_T_/quizzes/layout,_N_T_/quizzes/ranking/layout,_N_T_/quizzes/ranking/page,_N_T_/quizzes/ranking"
            }
          ]
        },
        {
          "source": "/quizzes/archive",
          "headers": [
            {
              "key": "x-nextjs-stale-time",
              "value": "300"
            },
            {
              "key": "x-nextjs-prerender",
              "value": "1"
            },
            {
              "key": "x-next-cache-tags",
              "value": "_N_T_/layout,_N_T_/quizzes/layout,_N_T_/quizzes/archive/layout,_N_T_/quizzes/archive/page,_N_T_/quizzes/archive"
            }
          ]
        },
        {
          "source": "/nibuichi/history",
          "headers": [
            {
              "key": "x-nextjs-stale-time",
              "value": "300"
            },
            {
              "key": "x-nextjs-prerender",
              "value": "1"
            },
            {
              "key": "x-next-cache-tags",
              "value": "_N_T_/layout,_N_T_/nibuichi/layout,_N_T_/nibuichi/history/layout,_N_T_/nibuichi/history/page,_N_T_/nibuichi/history"
            }
          ]
        },
        {
          "source": "/signup",
          "headers": [
            {
              "key": "x-nextjs-stale-time",
              "value": "300"
            },
            {
              "key": "x-nextjs-prerender",
              "value": "1"
            },
            {
              "key": "x-next-cache-tags",
              "value": "_N_T_/layout,_N_T_/signup/layout,_N_T_/signup/page,_N_T_/signup"
            }
          ]
        },
        {
          "source": "/profile",
          "headers": [
            {
              "key": "x-nextjs-stale-time",
              "value": "300"
            },
            {
              "key": "x-nextjs-prerender",
              "value": "1"
            },
            {
              "key": "x-next-cache-tags",
              "value": "_N_T_/layout,_N_T_/profile/layout,_N_T_/profile/page,_N_T_/profile"
            }
          ]
        },
        {
          "source": "/admin/create-code",
          "headers": [
            {
              "key": "x-nextjs-stale-time",
              "value": "300"
            },
            {
              "key": "x-nextjs-prerender",
              "value": "1"
            },
            {
              "key": "x-next-cache-tags",
              "value": "_N_T_/layout,_N_T_/admin/layout,_N_T_/admin/create-code/layout,_N_T_/admin/create-code/page,_N_T_/admin/create-code"
            }
          ]
        },
        {
          "source": "/admin/gacha",
          "headers": [
            {
              "key": "x-nextjs-stale-time",
              "value": "300"
            },
            {
              "key": "x-nextjs-prerender",
              "value": "1"
            },
            {
              "key": "x-next-cache-tags",
              "value": "_N_T_/layout,_N_T_/admin/layout,_N_T_/admin/gacha/layout,_N_T_/admin/gacha/page,_N_T_/admin/gacha"
            }
          ]
        },
        {
          "source": "/admin/gacha/list",
          "headers": [
            {
              "key": "x-nextjs-stale-time",
              "value": "300"
            },
            {
              "key": "x-nextjs-prerender",
              "value": "1"
            },
            {
              "key": "x-next-cache-tags",
              "value": "_N_T_/layout,_N_T_/admin/layout,_N_T_/admin/gacha/layout,_N_T_/admin/gacha/list/layout,_N_T_/admin/gacha/list/page,_N_T_/admin/gacha/list"
            }
          ]
        },
        {
          "source": "/admin/login",
          "headers": [
            {
              "key": "x-nextjs-stale-time",
              "value": "300"
            },
            {
              "key": "x-nextjs-prerender",
              "value": "1"
            },
            {
              "key": "x-next-cache-tags",
              "value": "_N_T_/layout,_N_T_/admin/layout,_N_T_/admin/login/layout,_N_T_/admin/login/page,_N_T_/admin/login"
            }
          ]
        },
        {
          "source": "/admin/gacha/manage",
          "headers": [
            {
              "key": "x-nextjs-stale-time",
              "value": "300"
            },
            {
              "key": "x-nextjs-prerender",
              "value": "1"
            },
            {
              "key": "x-next-cache-tags",
              "value": "_N_T_/layout,_N_T_/admin/layout,_N_T_/admin/gacha/layout,_N_T_/admin/gacha/manage/layout,_N_T_/admin/gacha/manage/page,_N_T_/admin/gacha/manage"
            }
          ]
        },
        {
          "source": "/admin/images/upload",
          "headers": [
            {
              "key": "x-nextjs-stale-time",
              "value": "300"
            },
            {
              "key": "x-nextjs-prerender",
              "value": "1"
            },
            {
              "key": "x-next-cache-tags",
              "value": "_N_T_/layout,_N_T_/admin/layout,_N_T_/admin/images/layout,_N_T_/admin/images/upload/layout,_N_T_/admin/images/upload/page,_N_T_/admin/images/upload"
            }
          ]
        },
        {
          "source": "/admin/images",
          "headers": [
            {
              "key": "x-nextjs-stale-time",
              "value": "300"
            },
            {
              "key": "x-nextjs-prerender",
              "value": "1"
            },
            {
              "key": "x-next-cache-tags",
              "value": "_N_T_/layout,_N_T_/admin/layout,_N_T_/admin/images/layout,_N_T_/admin/images/page,_N_T_/admin/images"
            }
          ]
        },
        {
          "source": "/admin/nibuichi/history",
          "headers": [
            {
              "key": "x-nextjs-stale-time",
              "value": "300"
            },
            {
              "key": "x-nextjs-prerender",
              "value": "1"
            },
            {
              "key": "x-next-cache-tags",
              "value": "_N_T_/layout,_N_T_/admin/layout,_N_T_/admin/nibuichi/layout,_N_T_/admin/nibuichi/history/layout,_N_T_/admin/nibuichi/history/page,_N_T_/admin/nibuichi/history"
            }
          ]
        },
        {
          "source": "/admin/nibuichi/edit-stats",
          "headers": [
            {
              "key": "x-nextjs-stale-time",
              "value": "300"
            },
            {
              "key": "x-nextjs-prerender",
              "value": "1"
            },
            {
              "key": "x-next-cache-tags",
              "value": "_N_T_/layout,_N_T_/admin/layout,_N_T_/admin/nibuichi/layout,_N_T_/admin/nibuichi/edit-stats/layout,_N_T_/admin/nibuichi/edit-stats/page,_N_T_/admin/nibuichi/edit-stats"
            }
          ]
        },
        {
          "source": "/admin",
          "headers": [
            {
              "key": "x-nextjs-stale-time",
              "value": "300"
            },
            {
              "key": "x-nextjs-prerender",
              "value": "1"
            },
            {
              "key": "x-next-cache-tags",
              "value": "_N_T_/layout,_N_T_/admin/layout,_N_T_/admin/page,_N_T_/admin"
            }
          ]
        },
        {
          "source": "/admin/codes",
          "headers": [
            {
              "key": "x-nextjs-stale-time",
              "value": "300"
            },
            {
              "key": "x-nextjs-prerender",
              "value": "1"
            },
            {
              "key": "x-next-cache-tags",
              "value": "_N_T_/layout,_N_T_/admin/layout,_N_T_/admin/codes/layout,_N_T_/admin/codes/page,_N_T_/admin/codes"
            }
          ]
        },
        {
          "source": "/admin/quizzes",
          "headers": [
            {
              "key": "x-nextjs-stale-time",
              "value": "300"
            },
            {
              "key": "x-nextjs-prerender",
              "value": "1"
            },
            {
              "key": "x-next-cache-tags",
              "value": "_N_T_/layout,_N_T_/admin/layout,_N_T_/admin/quizzes/layout,_N_T_/admin/quizzes/page,_N_T_/admin/quizzes"
            }
          ]
        },
        {
          "source": "/admin/quizzes/add",
          "headers": [
            {
              "key": "x-nextjs-stale-time",
              "value": "300"
            },
            {
              "key": "x-nextjs-prerender",
              "value": "1"
            },
            {
              "key": "x-next-cache-tags",
              "value": "_N_T_/layout,_N_T_/admin/layout,_N_T_/admin/quizzes/layout,_N_T_/admin/quizzes/add/layout,_N_T_/admin/quizzes/add/page,_N_T_/admin/quizzes/add"
            }
          ]
        },
        {
          "source": "/admin/shipping",
          "headers": [
            {
              "key": "x-nextjs-stale-time",
              "value": "300"
            },
            {
              "key": "x-nextjs-prerender",
              "value": "1"
            },
            {
              "key": "x-next-cache-tags",
              "value": "_N_T_/layout,_N_T_/admin/layout,_N_T_/admin/shipping/layout,_N_T_/admin/shipping/page,_N_T_/admin/shipping"
            }
          ]
        },
        {
          "source": "/admin/gacha/results",
          "headers": [
            {
              "key": "x-nextjs-stale-time",
              "value": "300"
            },
            {
              "key": "x-nextjs-prerender",
              "value": "1"
            },
            {
              "key": "x-next-cache-tags",
              "value": "_N_T_/layout,_N_T_/admin/layout,_N_T_/admin/gacha/layout,_N_T_/admin/gacha/results/layout,_N_T_/admin/gacha/results/page,_N_T_/admin/gacha/results"
            }
          ]
        },
        {
          "source": "/admin/shipping/stats",
          "headers": [
            {
              "key": "x-nextjs-stale-time",
              "value": "300"
            },
            {
              "key": "x-nextjs-prerender",
              "value": "1"
            },
            {
              "key": "x-next-cache-tags",
              "value": "_N_T_/layout,_N_T_/admin/layout,_N_T_/admin/shipping/layout,_N_T_/admin/shipping/stats/layout,_N_T_/admin/shipping/stats/page,_N_T_/admin/shipping/stats"
            }
          ]
        },
        {
          "source": "/admin/rewards/add",
          "headers": [
            {
              "key": "x-nextjs-stale-time",
              "value": "300"
            },
            {
              "key": "x-nextjs-prerender",
              "value": "1"
            },
            {
              "key": "x-next-cache-tags",
              "value": "_N_T_/layout,_N_T_/admin/layout,_N_T_/admin/rewards/layout,_N_T_/admin/rewards/add/layout,_N_T_/admin/rewards/add/page,_N_T_/admin/rewards/add"
            }
          ]
        },
        {
          "source": "/admin/valid-codes",
          "headers": [
            {
              "key": "x-nextjs-stale-time",
              "value": "300"
            },
            {
              "key": "x-nextjs-prerender",
              "value": "1"
            },
            {
              "key": "x-next-cache-tags",
              "value": "_N_T_/layout,_N_T_/admin/layout,_N_T_/admin/valid-codes/layout,_N_T_/admin/valid-codes/page,_N_T_/admin/valid-codes"
            }
          ]
        },
        {
          "source": "/admin/nibuichi",
          "headers": [
            {
              "key": "x-nextjs-stale-time",
              "value": "300"
            },
            {
              "key": "x-nextjs-prerender",
              "value": "1"
            },
            {
              "key": "x-next-cache-tags",
              "value": "_N_T_/layout,_N_T_/admin/layout,_N_T_/admin/nibuichi/layout,_N_T_/admin/nibuichi/page,_N_T_/admin/nibuichi"
            }
          ]
        },
        {
          "source": "/admin/rewards",
          "headers": [
            {
              "key": "x-nextjs-stale-time",
              "value": "300"
            },
            {
              "key": "x-nextjs-prerender",
              "value": "1"
            },
            {
              "key": "x-next-cache-tags",
              "value": "_N_T_/layout,_N_T_/admin/layout,_N_T_/admin/rewards/layout,_N_T_/admin/rewards/page,_N_T_/admin/rewards"
            }
          ]
        },
        {
          "source": "/admin/history",
          "headers": [
            {
              "key": "x-nextjs-stale-time",
              "value": "300"
            },
            {
              "key": "x-nextjs-prerender",
              "value": "1"
            },
            {
              "key": "x-next-cache-tags",
              "value": "_N_T_/layout,_N_T_/admin/layout,_N_T_/admin/history/layout,_N_T_/admin/history/page,_N_T_/admin/history"
            }
          ]
        },
        {
          "source": "/admin/shipping/history",
          "headers": [
            {
              "key": "x-nextjs-stale-time",
              "value": "300"
            },
            {
              "key": "x-nextjs-prerender",
              "value": "1"
            },
            {
              "key": "x-next-cache-tags",
              "value": "_N_T_/layout,_N_T_/admin/layout,_N_T_/admin/shipping/layout,_N_T_/admin/shipping/history/layout,_N_T_/admin/shipping/history/page,_N_T_/admin/shipping/history"
            }
          ]
        },
        {
          "source": "/admin/users",
          "headers": [
            {
              "key": "x-nextjs-stale-time",
              "value": "300"
            },
            {
              "key": "x-nextjs-prerender",
              "value": "1"
            },
            {
              "key": "x-next-cache-tags",
              "value": "_N_T_/layout,_N_T_/admin/layout,_N_T_/admin/users/layout,_N_T_/admin/users/page,_N_T_/admin/users"
            }
          ]
        },
        {
          "source": "**/*.[jt]s",
          "headers": [
            {
              "key": "Set-Cookie",
              "value": "__FIREBASE_DEFAULTS__=eyJjb25maWciOnsicHJvamVjdElkIjoicG9pbnQtYXBwLTFmODU0IiwiYXBwSWQiOiIxOjg5MjQwMjAyOTM5Nzp3ZWI6ZDU4Mjk0YTYxMjQwNmM0N2NlOTVkYyIsInN0b3JhZ2VCdWNrZXQiOiJwb2ludC1hcHAtMWY4NTQuZmlyZWJhc2VzdG9yYWdlLmFwcCIsImFwaUtleSI6IkFJemFTeURhb0pMazQ0SllPUWtpajNYRl9PVW91aTJjcWpRTFBfayIsImF1dGhEb21haW4iOiJwb2ludC1hcHAtMWY4NTQuZmlyZWJhc2VhcHAuY29tIiwibWVzc2FnaW5nU2VuZGVySWQiOiI4OTI0MDIwMjkzOTciLCJwcm9qZWN0TnVtYmVyIjoiODkyNDAyMDI5Mzk3IiwidmVyc2lvbiI6IjIifSwiX2F1dGhUb2tlblN5bmNVUkwiOiIvX19zZXNzaW9uIn0; SameSite=Strict; Expires=2028-07-30T17:23:07.764Z; Path=/;"
            }
          ]
        }
      ],
      "cleanUrls": true,
      "trailingSlash": false,
      "public": ".firebase/point-app-1f854/hosting",
      "webFramework": "next_ssr"
    }
  ],
  "functions": [
    {
      "codebase": "default",
      "disallowLegacyRuntimeConfig": true,
      "ignore": [
        "node_modules",
        ".git",
        "firebase-debug.log",
        "firebase-debug.*.log",
        "*.local"
      ],
      "predeploy": [
        "npm --prefix \"$RESOURCE_DIR\" run build"
      ],
      "source": "functions"
    },
    {
      "source": ".firebase/point-app-1f854/functions",
      "codebase": "firebase-frameworks-point-app-1f854"
    }
  ]
}
[debug] [2026-09-05T06:43:07.764Z] > command requires scopes: ["email","openid","https://www.googleapis.com/auth/cloudplatformprojects.readonly","https://www.googleapis.com/auth/firebase","https://www.googleapis.com/auth/cloud-platform"]
[debug] [2026-09-05T06:43:07.764Z] > authorizing via signed-in user (yumetsukigame@gmail.com)
[debug] [2026-09-05T06:43:07.764Z] [iam] checking project point-app-1f854 for permissions ["cloudfunctions.functions.create","cloudfunctions.functions.delete","cloudfunctions.functions.get","cloudfunctions.functions.list","cloudfunctions.functions.update","cloudfunctions.operations.get","firebase.projects.get"]
[debug] [2026-09-05T06:43:07.764Z] Checked if tokens are valid: true, expires at: 1788592109661
[debug] [2026-09-05T06:43:07.764Z] Checked if tokens are valid: true, expires at: 1788592109661
[debug] [2026-09-05T06:43:07.764Z] >>> [apiv2][query] POST https://cloudresourcemanager.googleapis.com/v1/projects/point-app-1f854:testIamPermissions [none]
[debug] [2026-09-05T06:43:07.764Z] >>> [apiv2][(partial)header] POST https://cloudresourcemanager.googleapis.com/v1/projects/point-app-1f854:testIamPermissions  x-goog-user-project=point-app-1f854
[debug] [2026-09-05T06:43:07.764Z] >>> [apiv2][body] POST https://cloudresourcemanager.googleapis.com/v1/projects/point-app-1f854:testIamPermissions {"permissions":["cloudfunctions.functions.create","cloudfunctions.functions.delete","cloudfunctions.functions.get","cloudfunctions.functions.list","cloudfunctions.functions.update","cloudfunctions.operations.get","firebase.projects.get"]}
[debug] [2026-09-05T06:43:08.447Z] <<< [apiv2][status] POST https://cloudresourcemanager.googleapis.com/v1/projects/point-app-1f854:testIamPermissions 200
[debug] [2026-09-05T06:43:08.447Z] <<< [apiv2][body] POST https://cloudresourcemanager.googleapis.com/v1/projects/point-app-1f854:testIamPermissions {"permissions":["cloudfunctions.functions.create","cloudfunctions.functions.delete","cloudfunctions.functions.get","cloudfunctions.functions.list","cloudfunctions.functions.update","cloudfunctions.operations.get","firebase.projects.get"]}
[debug] [2026-09-05T06:43:08.447Z] Checked if tokens are valid: true, expires at: 1788592109661
[debug] [2026-09-05T06:43:08.447Z] Checked if tokens are valid: true, expires at: 1788592109661
[debug] [2026-09-05T06:43:08.447Z] >>> [apiv2][query] GET https://cloudfunctions.googleapis.com/v1/projects/point-app-1f854/locations/-/functions [none]
[debug] [2026-09-05T06:43:09.222Z] <<< [apiv2][status] GET https://cloudfunctions.googleapis.com/v1/projects/point-app-1f854/locations/-/functions 200
[debug] [2026-09-05T06:43:09.222Z] <<< [apiv2][body] GET https://cloudfunctions.googleapis.com/v1/projects/point-app-1f854/locations/-/functions {"functions":[{"name":"projects/point-app-1f854/locations/us-east1/functions/getGachaResults","httpsTrigger":{"url":"https://us-east1-point-app-1f854.cloudfunctions.net/getGachaResults","securityLevel":"SECURE_ALWAYS"},"status":"ACTIVE","entryPoint":"getGachaResults","timeout":"60s","availableMemoryMb":256,"serviceAccountEmail":"point-app-1f854@appspot.gserviceaccount.com","updateTime":"2026-08-27T11:11:03.030Z","versionId":"31","labels":{"deployment-tool":"cli-firebase","deployment-callable":"true","firebase-functions-hash":"0389a49760d52bb8cdcd1ba3d58d673875042ff5"},"sourceUploadUrl":"https://storage.googleapis.com/uploads-971134056265.us-east1.cloudfunctions.appspot.com/0247b0cd-6040-41bd-9d53-5406c310a839.zip","environmentVariables":{"FIREBASE_CONFIG":"{\"projectId\":\"point-app-1f854\",\"storageBucket\":\"point-app-1f854.firebasestorage.app\"}","GCLOUD_PROJECT":"point-app-1f854","EVENTARC_CLOUD_EVENT_SOURCE":"projects/point-app-1f854/locations/us-east1/functions/getGachaResults"},"runtime":"nodejs20","ingressSettings":"ALLOW_ALL","buildId":"85e78e52-6171-4164-a8f9-4b1a3f7683bd","buildEnvironmentVariables":{"GOOGLE_NODE_RUN_SCRIPTS":""},"buildName":"projects/892402029397/locations/us-east1/builds/85e78e52-6171-4164-a8f9-4b1a3f7683bd","dockerRegistry":"ARTIFACT_REGISTRY","automaticUpdatePolicy":{},"buildServiceAccount":"projects/point-app-1f854/serviceAccounts/892402029397-compute@developer.gserviceaccount.com","satisfiesPzi":true},{"name":"projects/point-app-1f854/locations/us-east1/functions/getNibuichiUserStats","httpsTrigger":{"url":"https://us-east1-point-app-1f854.cloudfunctions.net/getNibuichiUserStats","securityLevel":"SECURE_ALWAYS"},"status":"ACTIVE","entryPoint":"getNibuichiUserStats","timeout":"60s","availableMemoryMb":256,"serviceAccountEmail":"point-app-1f854@appspot.gserviceaccount.com","updateTime":"2026-08-27T11:10:51.636Z","versionId":"27","labels":{"deployment-tool":"cli-firebase","deployment-callable":"true","firebase-functions-hash":"0389a49760d52bb8cdcd1ba3d58d673875042ff5"},"sourceUploadUrl":"https://storage.googleapis.com/uploads-971134056265.us-east1.cloudfunctions.appspot.com/0247b0cd-6040-41bd-9d53-5406c310a839.zip","environmentVariables":{"FIREBASE_CONFIG":"{\"projectId\":\"point-app-1f854\",\"storageBucket\":\"point-app-1f854.firebasestorage.app\"}","GCLOUD_PROJECT":"point-app-1f854","EVENTARC_CLOUD_EVENT_SOURCE":"projects/point-app-1f854/locations/us-east1/functions/getNibuichiUserStats"},"runtime":"nodejs20","ingressSettings":"ALLOW_ALL","buildId":"85e78e52-6171-4164-a8f9-4b1a3f7683bd","buildEnvironmentVariables":{"GOOGLE_NODE_RUN_SCRIPTS":""},"buildName":"projects/892402029397/locations/us-east1/builds/85e78e52-6171-4164-a8f9-4b1a3f7683bd","dockerRegistry":"ARTIFACT_REGISTRY","automaticUpdatePolicy":{},"buildServiceAccount":"projects/point-app-1f854/serviceAccounts/892402029397-compute@developer.gserviceaccount.com","satisfiesPzi":true},{"name":"projects/point-app-1f854/locations/us-east1/functions/cleanExpiredGacha","eventTrigger":{"eventType":"google.pubsub.topic.publish","resource":"projects/point-app-1f854/topics/firebase-schedule-cleanExpiredGacha-us-east1","service":"pubsub.googleapis.com","failurePolicy":{}},"status":"ACTIVE","entryPoint":"cleanExpiredGacha","timeout":"60s","availableMemoryMb":256,"serviceAccountEmail":"point-app-1f854@appspot.gserviceaccount.com","updateTime":"2026-08-27T11:10:48.032Z","versionId":"31","labels":{"deployment-tool":"cli-firebase","deployment-scheduled":"true","firebase-functions-hash":"0389a49760d52bb8cdcd1ba3d58d673875042ff5"},"sourceUploadUrl":"https://storage.googleapis.com/uploads-971134056265.us-east1.cloudfunctions.appspot.com/0247b0cd-6040-41bd-9d53-5406c310a839.zip","environmentVariables":{"FIREBASE_CONFIG":"{\"projectId\":\"point-app-1f854\",\"storageBucket\":\"point-app-1f854.firebasestorage.app\"}","GCLOUD_PROJECT":"point-app-1f854","EVENTARC_CLOUD_EVENT_SOURCE":"projects/point-app-1f854/locations/us-east1/functions/cleanExpiredGacha"},"runtime":"nodejs20","maxInstances":3000,"ingressSettings":"ALLOW_ALL","buildId":"85e78e52-6171-4164-a8f9-4b1a3f7683bd","buildEnvironmentVariables":{"GOOGLE_NODE_RUN_SCRIPTS":""},"buildName":"projects/892402029397/locations/us-east1/builds/85e78e52-6171-4164-a8f9-4b1a3f7683bd","dockerRegistry":"ARTIFACT_REGISTRY","automaticUpdatePolicy":{},"buildServiceAccount":"projects/point-app-1f854/serviceAccounts/892402029397-compute@developer.gserviceaccount.com","satisfiesPzi":true},{"name":"projects/point-app-1f854/locations/us-east1/functions/processNibuichiDaily","eventTrigger":{"eventType":"google.pubsub.topic.publish","resource":"projects/point-app-1f854/topics/firebase-schedule-processNibuichiDaily-us-east1","service":"pubsub.googleapis.com","failurePolicy":{}},"status":"ACTIVE","entryPoint":"processNibuichiDaily","timeout":"60s","availableMemoryMb":256,"serviceAccountEmail":"point-app-1f854@appspot.gserviceaccount.com","updateTime":"2026-08-27T11:10:46.543Z","versionId":"29","labels":{"deployment-tool":"cli-firebase","deployment-scheduled":"true","firebase-functions-hash":"0389a49760d52bb8cdcd1ba3d58d673875042ff5"},"sourceUploadUrl":"https://storage.googleapis.com/uploads-971134056265.us-east1.cloudfunctions.appspot.com/0247b0cd-6040-41bd-9d53-5406c310a839.zip","environmentVariables":{"FIREBASE_CONFIG":"{\"projectId\":\"point-app-1f854\",\"storageBucket\":\"point-app-1f854.firebasestorage.app\"}","GCLOUD_PROJECT":"point-app-1f854","EVENTARC_CLOUD_EVENT_SOURCE":"projects/point-app-1f854/locations/us-east1/functions/processNibuichiDaily"},"runtime":"nodejs20","maxInstances":3000,"ingressSettings":"ALLOW_ALL","buildId":"85e78e52-6171-4164-a8f9-4b1a3f7683bd","buildEnvironmentVariables":{"GOOGLE_NODE_RUN_SCRIPTS":""},"buildName":"projects/892402029397/locations/us-east1/builds/85e78e52-6171-4164-a8f9-4b1a3f7683bd","dockerRegistry":"ARTIFACT_REGISTRY","automaticUpdatePolicy":{},"buildServiceAccount":"projects/point-app-1f854/serviceAccounts/892402029397-compute@developer.gserviceaccount.com","satisfiesPzi":true},{"name":"projects/point-app-1f854/locations/us-east1/functions/updateUserProfile","httpsTrigger":{"url":"https://us-east1-point-app-1f854.cloudfunctions.net/updateUserProfile","securityLevel":"SECURE_ALWAYS"},"status":"ACTIVE","entryPoint":"updateUserProfile","timeout":"60s","availableMemoryMb":256,"serviceAccountEmail":"point-app-1f854@appspot.gserviceaccount.com","updateTime":"2026-08-27T11:10:43.124518727Z","versionId":"1","labels":{"deployment-callable":"true","firebase-functions-hash":"0389a49760d52bb8cdcd1ba3d58d673875042ff5","deployment-tool":"cli-firebase"},"sourceUploadUrl":"https://storage.googleapis.com/uploads-971134056265.us-east1.cloudfunctions.appspot.com/0247b0cd-6040-41bd-9d53-5406c310a839.zip","environmentVariables":{"FIREBASE_CONFIG":"{\"projectId\":\"point-app-1f854\",\"storageBucket\":\"point-app-1f854.firebasestorage.app\"}","GCLOUD_PROJECT":"point-app-1f854","EVENTARC_CLOUD_EVENT_SOURCE":"projects/point-app-1f854/locations/us-east1/functions/updateUserProfile"},"runtime":"nodejs20","ingressSettings":"ALLOW_ALL","buildId":"ced9aa88-5563-471a-b274-9b5374d19d06","buildEnvironmentVariables":{"GOOGLE_NODE_RUN_SCRIPTS":""},"buildName":"projects/892402029397/locations/us-east1/builds/ced9aa88-5563-471a-b274-9b5374d19d06","dockerRegistry":"ARTIFACT_REGISTRY","automaticUpdatePolicy":{},"buildServiceAccount":"projects/point-app-1f854/serviceAccounts/892402029397-compute@developer.gserviceaccount.com","satisfiesPzi":true},{"name":"projects/point-app-1f854/locations/us-east1/functions/resetNibuichiMonthly","eventTrigger":{"eventType":"google.pubsub.topic.publish","resource":"projects/point-app-1f854/topics/firebase-schedule-resetNibuichiMonthly-us-east1","service":"pubsub.googleapis.com","failurePolicy":{}},"status":"ACTIVE","entryPoint":"resetNibuichiMonthly","timeout":"60s","availableMemoryMb":256,"serviceAccountEmail":"point-app-1f854@appspot.gserviceaccount.com","updateTime":"2026-08-27T11:11:03.587Z","versionId":"29","labels":{"deployment-tool":"cli-firebase","deployment-scheduled":"true","firebase-functions-hash":"0389a49760d52bb8cdcd1ba3d58d673875042ff5"},"sourceUploadUrl":"https://storage.googleapis.com/uploads-971134056265.us-east1.cloudfunctions.appspot.com/0247b0cd-6040-41bd-9d53-5406c310a839.zip","environmentVariables":{"FIREBASE_CONFIG":"{\"projectId\":\"point-app-1f854\",\"storageBucket\":\"point-app-1f854.firebasestorage.app\"}","GCLOUD_PROJECT":"point-app-1f854","EVENTARC_CLOUD_EVENT_SOURCE":"projects/point-app-1f854/locations/us-east1/functions/resetNibuichiMonthly"},"runtime":"nodejs20","maxInstances":3000,"ingressSettings":"ALLOW_ALL","buildId":"85e78e52-6171-4164-a8f9-4b1a3f7683bd","buildEnvironmentVariables":{"GOOGLE_NODE_RUN_SCRIPTS":""},"buildName":"projects/892402029397/locations/us-east1/builds/85e78e52-6171-4164-a8f9-4b1a3f7683bd","dockerRegistry":"ARTIFACT_REGISTRY","automaticUpdatePolicy":{},"buildServiceAccount":"projects/point-app-1f854/serviceAccounts/892402029397-compute@developer.gserviceaccount.com","satisfiesPzi":true},{"name":"projects/point-app-1f854/locations/us-east1/functions/manualResetNibuichiDaily","httpsTrigger":{"url":"https://us-east1-point-app-1f854.cloudfunctions.net/manualResetNibuichiDaily","securityLevel":"SECURE_ALWAYS"},"status":"ACTIVE","entryPoint":"manualResetNibuichiDaily","timeout":"60s","availableMemoryMb":256,"serviceAccountEmail":"point-app-1f854@appspot.gserviceaccount.com","updateTime":"2026-09-05T06:42:21.748Z","versionId":"30","labels":{"deployment-tool":"cli-firebase","deployment-callable":"true","firebase-functions-hash":"8010432b7ec741a061997715fa6b43a9bd225f47"},"sourceUploadUrl":"https://storage.googleapis.com/uploads-971134056265.us-east1.cloudfunctions.appspot.com/3cc4db74-07b7-4fa2-8c66-7f7979b31e94.zip","environmentVariables":{"FIREBASE_CONFIG":"{\"projectId\":\"point-app-1f854\",\"storageBucket\":\"point-app-1f854.firebasestorage.app\"}","GCLOUD_PROJECT":"point-app-1f854","EVENTARC_CLOUD_EVENT_SOURCE":"projects/point-app-1f854/locations/us-east1/functions/manualResetNibuichiDaily"},"runtime":"nodejs20","ingressSettings":"ALLOW_ALL","buildId":"f58cd6a6-e09a-40c2-928e-10747b6e3522","buildEnvironmentVariables":{"GOOGLE_NODE_RUN_SCRIPTS":""},"buildName":"projects/892402029397/locations/us-east1/builds/f58cd6a6-e09a-40c2-928e-10747b6e3522","dockerRegistry":"ARTIFACT_REGISTRY","automaticUpdatePolicy":{},"buildServiceAccount":"projects/point-app-1f854/serviceAccounts/892402029397-compute@developer.gserviceaccount.com","satisfiesPzi":true},{"name":"projects/point-app-1f854/locations/us-east1/functions/createGachaCode","httpsTrigger":{"url":"https://us-east1-point-app-1f854.cloudfunctions.net/createGachaCode","securityLevel":"SECURE_ALWAYS"},"status":"ACTIVE","entryPoint":"createGachaCode","timeout":"60s","availableMemoryMb":256,"serviceAccountEmail":"point-app-1f854@appspot.gserviceaccount.com","updateTime":"2026-08-28T03:44:18.558Z","versionId":"32","labels":{"deployment-tool":"cli-firebase","deployment-callable":"true","firebase-functions-hash":"71b90bee27a96fef1989f6fd8a12a698784acfad"},"sourceUploadUrl":"https://storage.googleapis.com/uploads-971134056265.us-east1.cloudfunctions.appspot.com/064163ff-adf9-4c4a-945b-778419195fde.zip","environmentVariables":{"FIREBASE_CONFIG":"{\"projectId\":\"point-app-1f854\",\"storageBucket\":\"point-app-1f854.firebasestorage.app\"}","GCLOUD_PROJECT":"point-app-1f854","EVENTARC_CLOUD_EVENT_SOURCE":"projects/point-app-1f854/locations/us-east1/functions/createGachaCode"},"runtime":"nodejs20","ingressSettings":"ALLOW_ALL","buildId":"29bdf756-7af6-44fa-94f8-9a854d2e5034","buildEnvironmentVariables":{"GOOGLE_NODE_RUN_SCRIPTS":""},"buildName":"projects/892402029397/locations/us-east1/builds/29bdf756-7af6-44fa-94f8-9a854d2e5034","dockerRegistry":"ARTIFACT_REGISTRY","automaticUpdatePolicy":{},"buildServiceAccount":"projects/point-app-1f854/serviceAccounts/892402029397-compute@developer.gserviceaccount.com","satisfiesPzi":true},{"name":"projects/point-app-1f854/locations/us-east1/functions/resetGachaUsage","httpsTrigger":{"url":"https://us-east1-point-app-1f854.cloudfunctions.net/resetGachaUsage","securityLevel":"SECURE_ALWAYS"},"status":"ACTIVE","entryPoint":"resetGachaUsage","timeout":"60s","availableMemoryMb":256,"serviceAccountEmail":"point-app-1f854@appspot.gserviceaccount.com","updateTime":"2026-08-27T11:10:45.709Z","versionId":"31","labels":{"deployment-callable":"true","firebase-functions-hash":"0389a49760d52bb8cdcd1ba3d58d673875042ff5","deployment-tool":"cli-firebase"},"sourceUploadUrl":"https://storage.googleapis.com/uploads-971134056265.us-east1.cloudfunctions.appspot.com/0247b0cd-6040-41bd-9d53-5406c310a839.zip","environmentVariables":{"FIREBASE_CONFIG":"{\"projectId\":\"point-app-1f854\",\"storageBucket\":\"point-app-1f854.firebasestorage.app\"}","GCLOUD_PROJECT":"point-app-1f854","EVENTARC_CLOUD_EVENT_SOURCE":"projects/point-app-1f854/locations/us-east1/functions/resetGachaUsage"},"runtime":"nodejs20","ingressSettings":"ALLOW_ALL","buildId":"85e78e52-6171-4164-a8f9-4b1a3f7683bd","buildEnvironmentVariables":{"GOOGLE_NODE_RUN_SCRIPTS":""},"buildName":"projects/892402029397/locations/us-east1/builds/85e78e52-6171-4164-a8f9-4b1a3f7683bd","dockerRegistry":"ARTIFACT_REGISTRY","automaticUpdatePolicy":{},"buildServiceAccount":"projects/point-app-1f854/serviceAccounts/892402029397-compute@developer.gserviceaccount.com","satisfiesPzi":true},{"name":"projects/point-app-1f854/locations/us-east1/functions/unlockGachaCode","httpsTrigger":{"url":"https://us-east1-point-app-1f854.cloudfunctions.net/unlockGachaCode","securityLevel":"SECURE_ALWAYS"},"status":"ACTIVE","entryPoint":"unlockGachaCode","timeout":"60s","availableMemoryMb":256,"serviceAccountEmail":"point-app-1f854@appspot.gserviceaccount.com","updateTime":"2026-08-27T11:10:52.084Z","versionId":"3","labels":{"deployment-tool":"cli-firebase","deployment-callable":"true","firebase-functions-hash":"0389a49760d52bb8cdcd1ba3d58d673875042ff5"},"sourceUploadUrl":"https://storage.googleapis.com/uploads-971134056265.us-east1.cloudfunctions.appspot.com/0247b0cd-6040-41bd-9d53-5406c310a839.zip","environmentVariables":{"FIREBASE_CONFIG":"{\"projectId\":\"point-app-1f854\",\"storageBucket\":\"point-app-1f854.firebasestorage.app\"}","GCLOUD_PROJECT":"point-app-1f854","EVENTARC_CLOUD_EVENT_SOURCE":"projects/point-app-1f854/locations/us-east1/functions/unlockGachaCode"},"runtime":"nodejs20","ingressSettings":"ALLOW_ALL","buildId":"85e78e52-6171-4164-a8f9-4b1a3f7683bd","buildEnvironmentVariables":{"GOOGLE_NODE_RUN_SCRIPTS":""},"buildName":"projects/892402029397/locations/us-east1/builds/85e78e52-6171-4164-a8f9-4b1a3f7683bd","dockerRegistry":"ARTIFACT_REGISTRY","automaticUpdatePolicy":{},"buildServiceAccount":"projects/point-app-1f854/serviceAccounts/892402029397-compute@developer.gserviceaccount.com","satisfiesPzi":true},{"name":"projects/point-app-1f854/locations/us-east1/functions/editNibuichiGlobalStats","httpsTrigger":{"url":"https://us-east1-point-app-1f854.cloudfunctions.net/editNibuichiGlobalStats","securityLevel":"SECURE_ALWAYS"},"status":"ACTIVE","entryPoint":"editNibuichiGlobalStats","timeout":"60s","availableMemoryMb":256,"serviceAccountEmail":"point-app-1f854@appspot.gserviceaccount.com","updateTime":"2026-08-27T11:10:50.743Z","versionId":"3","labels":{"deployment-tool":"cli-firebase","deployment-callable":"true","firebase-functions-hash":"0389a49760d52bb8cdcd1ba3d58d673875042ff5"},"sourceUploadUrl":"https://storage.googleapis.com/uploads-971134056265.us-east1.cloudfunctions.appspot.com/0247b0cd-6040-41bd-9d53-5406c310a839.zip","environmentVariables":{"FIREBASE_CONFIG":"{\"projectId\":\"point-app-1f854\",\"storageBucket\":\"point-app-1f854.firebasestorage.app\"}","GCLOUD_PROJECT":"point-app-1f854","EVENTARC_CLOUD_EVENT_SOURCE":"projects/point-app-1f854/locations/us-east1/functions/editNibuichiGlobalStats"},"runtime":"nodejs20","ingressSettings":"ALLOW_ALL","buildId":"85e78e52-6171-4164-a8f9-4b1a3f7683bd","buildEnvironmentVariables":{"GOOGLE_NODE_RUN_SCRIPTS":""},"buildName":"projects/892402029397/locations/us-east1/builds/85e78e52-6171-4164-a8f9-4b1a3f7683bd","dockerRegistry":"ARTIFACT_REGISTRY","automaticUpdatePolicy":{},"buildServiceAccount":"projects/point-app-1f854/serviceAccounts/892402029397-compute@developer.gserviceaccount.com","satisfiesPzi":true},{"name":"projects/point-app-1f854/locations/us-east1/functions/useGachaCode","httpsTrigger":{"url":"https://us-east1-point-app-1f854.cloudfunctions.net/useGachaCode","securityLevel":"SECURE_ALWAYS"},"status":"ACTIVE","entryPoint":"useGachaCode","timeout":"60s","availableMemoryMb":256,"serviceAccountEmail":"point-app-1f854@appspot.gserviceaccount.com","updateTime":"2026-08-27T11:10:48.615Z","versionId":"32","labels":{"firebase-functions-hash":"0389a49760d52bb8cdcd1ba3d58d673875042ff5","deployment-tool":"cli-firebase","deployment-callable":"true"},"sourceUploadUrl":"https://storage.googleapis.com/uploads-971134056265.us-east1.cloudfunctions.appspot.com/0247b0cd-6040-41bd-9d53-5406c310a839.zip","environmentVariables":{"FIREBASE_CONFIG":"{\"projectId\":\"point-app-1f854\",\"storageBucket\":\"point-app-1f854.firebasestorage.app\"}","GCLOUD_PROJECT":"point-app-1f854","EVENTARC_CLOUD_EVENT_SOURCE":"projects/point-app-1f854/locations/us-east1/functions/useGachaCode"},"runtime":"nodejs20","ingressSettings":"ALLOW_ALL","buildId":"85e78e52-6171-4164-a8f9-4b1a3f7683bd","buildEnvironmentVariables":{"GOOGLE_NODE_RUN_SCRIPTS":""},"buildName":"projects/892402029397/locations/us-east1/builds/85e78e52-6171-4164-a8f9-4b1a3f7683bd","dockerRegistry":"ARTIFACT_REGISTRY","automaticUpdatePolicy":{},"buildServiceAccount":"projects/point-app-1f854/serviceAccounts/892402029397-compute@developer.gserviceaccount.com","satisfiesPzi":true},{"name":"projects/point-app-1f854/locations/us-east1/functions/confirmQuizAnswer","httpsTrigger":{"url":"https://us-east1-point-app-1f854.cloudfunctions.net/confirmQuizAnswer","securityLevel":"SECURE_ALWAYS"},"status":"ACTIVE","entryPoint":"confirmQuizAnswer","timeout":"60s","availableMemoryMb":256,"serviceAccountEmail":"point-app-1f854@appspot.gserviceaccount.com","updateTime":"2026-08-27T11:10:44.977Z","versionId":"12","labels":{"deployment-tool":"cli-firebase","deployment-callable":"true","firebase-functions-hash":"0389a49760d52bb8cdcd1ba3d58d673875042ff5"},"sourceUploadUrl":"https://storage.googleapis.com/uploads-971134056265.us-east1.cloudfunctions.appspot.com/0247b0cd-6040-41bd-9d53-5406c310a839.zip","environmentVariables":{"FIREBASE_CONFIG":"{\"projectId\":\"point-app-1f854\",\"storageBucket\":\"point-app-1f854.firebasestorage.app\"}","GCLOUD_PROJECT":"point-app-1f854","EVENTARC_CLOUD_EVENT_SOURCE":"projects/point-app-1f854/locations/us-east1/functions/confirmQuizAnswer"},"runtime":"nodejs20","ingressSettings":"ALLOW_ALL","buildId":"85e78e52-6171-4164-a8f9-4b1a3f7683bd","buildEnvironmentVariables":{"GOOGLE_NODE_RUN_SCRIPTS":""},"buildName":"projects/892402029397/locations/us-east1/builds/85e78e52-6171-4164-a8f9-4b1a3f7683bd","dockerRegistry":"ARTIFACT_REGISTRY","automaticUpdatePolicy":{},"buildServiceAccount":"projects/point-app-1f854/serviceAccounts/892402029397-compute@developer.gserviceaccount.com","satisfiesPzi":true},{"name":"projects/point-app-1f854/locations/us-east1/functions/getPublicGachaList","httpsTrigger":{"url":"https://us-east1-point-app-1f854.cloudfunctions.net/getPublicGachaList","securityLevel":"SECURE_ALWAYS"},"status":"ACTIVE","entryPoint":"getPublicGachaList","timeout":"60s","availableMemoryMb":256,"serviceAccountEmail":"point-app-1f854@appspot.gserviceaccount.com","updateTime":"2026-08-27T12:01:21.298Z","versionId":"33","labels":{"deployment-tool":"cli-firebase","deployment-callable":"true","firebase-functions-hash":"ebb104d9ebdb3837d82c3da2204f459e6c7c6299"},"sourceUploadUrl":"https://storage.googleapis.com/uploads-971134056265.us-east1.cloudfunctions.appspot.com/c79ed89b-aae3-46e3-967f-dfed7d219b11.zip","environmentVariables":{"FIREBASE_CONFIG":"{\"projectId\":\"point-app-1f854\",\"storageBucket\":\"point-app-1f854.firebasestorage.app\"}","GCLOUD_PROJECT":"point-app-1f854","EVENTARC_CLOUD_EVENT_SOURCE":"projects/point-app-1f854/locations/us-east1/functions/getPublicGachaList"},"runtime":"nodejs20","ingressSettings":"ALLOW_ALL","buildId":"18f3f00f-07e9-4777-9976-302297475d5e","buildEnvironmentVariables":{"GOOGLE_NODE_RUN_SCRIPTS":""},"buildName":"projects/892402029397/locations/us-east1/builds/18f3f00f-07e9-4777-9976-302297475d5e","dockerRegistry":"ARTIFACT_REGISTRY","automaticUpdatePolicy":{},"buildServiceAccount":"projects/point-app-1f854/serviceAccounts/892402029397-compute@developer.gserviceaccount.com","satisfiesPzi":true},{"name":"projects/point-app-1f854/locations/us-east1/functions/sendPasswordResetLink","httpsTrigger":{"url":"https://us-east1-point-app-1f854.cloudfunctions.net/sendPasswordResetLink","securityLevel":"SECURE_ALWAYS"},"status":"ACTIVE","entryPoint":"sendPasswordResetLink","timeout":"60s","availableMemoryMb":256,"serviceAccountEmail":"point-app-1f854@appspot.gserviceaccount.com","updateTime":"2026-08-27T11:11:01.951Z","versionId":"4","labels":{"deployment-tool":"cli-firebase","deployment-callable":"true","firebase-functions-hash":"f5afb729616d36a2c710131ce8f5560490c7f5f7"},"sourceUploadUrl":"https://storage.googleapis.com/uploads-971134056265.us-east1.cloudfunctions.appspot.com/0247b0cd-6040-41bd-9d53-5406c310a839.zip","environmentVariables":{"FIREBASE_CONFIG":"{\"projectId\":\"point-app-1f854\",\"storageBucket\":\"point-app-1f854.firebasestorage.app\"}","GCLOUD_PROJECT":"point-app-1f854","EVENTARC_CLOUD_EVENT_SOURCE":"projects/point-app-1f854/locations/us-east1/functions/sendPasswordResetLink"},"runtime":"nodejs20","ingressSettings":"ALLOW_ALL","buildId":"85e78e52-6171-4164-a8f9-4b1a3f7683bd","buildEnvironmentVariables":{"GOOGLE_NODE_RUN_SCRIPTS":""},"secretEnvironmentVariables":[{"key":"SENDGRID_API_KEY","projectId":"892402029397","secret":"SENDGRID_API_KEY","version":"5"},{"key":"SENDGRID_FROM_EMAIL","projectId":"892402029397","secret":"SENDGRID_FROM_EMAIL","version":"1"}],"buildName":"projects/892402029397/locations/us-east1/builds/85e78e52-6171-4164-a8f9-4b1a3f7683bd","dockerRegistry":"ARTIFACT_REGISTRY","automaticUpdatePolicy":{},"buildServiceAccount":"projects/point-app-1f854/serviceAccounts/892402029397-compute@developer.gserviceaccount.com","satisfiesPzi":true},{"name":"projects/point-app-1f854/locations/us-east1/functions/saveNibuichiPrediction","httpsTrigger":{"url":"https://us-east1-point-app-1f854.cloudfunctions.net/saveNibuichiPrediction","securityLevel":"SECURE_ALWAYS"},"status":"ACTIVE","entryPoint":"saveNibuichiPrediction","timeout":"60s","availableMemoryMb":256,"serviceAccountEmail":"point-app-1f854@appspot.gserviceaccount.com","updateTime":"2026-08-27T11:10:51.617Z","versionId":"27","labels":{"deployment-tool":"cli-firebase","deployment-callable":"true","firebase-functions-hash":"0389a49760d52bb8cdcd1ba3d58d673875042ff5"},"sourceUploadUrl":"https://storage.googleapis.com/uploads-971134056265.us-east1.cloudfunctions.appspot.com/0247b0cd-6040-41bd-9d53-5406c310a839.zip","environmentVariables":{"FIREBASE_CONFIG":"{\"projectId\":\"point-app-1f854\",\"storageBucket\":\"point-app-1f854.firebasestorage.app\"}","GCLOUD_PROJECT":"point-app-1f854","EVENTARC_CLOUD_EVENT_SOURCE":"projects/point-app-1f854/locations/us-east1/functions/saveNibuichiPrediction"},"runtime":"nodejs20","ingressSettings":"ALLOW_ALL","buildId":"85e78e52-6171-4164-a8f9-4b1a3f7683bd","buildEnvironmentVariables":{"GOOGLE_NODE_RUN_SCRIPTS":""},"buildName":"projects/892402029397/locations/us-east1/builds/85e78e52-6171-4164-a8f9-4b1a3f7683bd","dockerRegistry":"ARTIFACT_REGISTRY","automaticUpdatePolicy":{},"buildServiceAccount":"projects/point-app-1f854/serviceAccounts/892402029397-compute@developer.gserviceaccount.com","satisfiesPzi":true},{"name":"projects/point-app-1f854/locations/us-east1/functions/resetDailyGacha","eventTrigger":{"eventType":"google.pubsub.topic.publish","resource":"projects/point-app-1f854/topics/firebase-schedule-resetDailyGacha-us-east1","service":"pubsub.googleapis.com","failurePolicy":{}},"status":"ACTIVE","entryPoint":"resetDailyGacha","timeout":"60s","availableMemoryMb":256,"serviceAccountEmail":"point-app-1f854@appspot.gserviceaccount.com","updateTime":"2026-08-27T11:11:02.218Z","versionId":"31","labels":{"firebase-functions-hash":"0389a49760d52bb8cdcd1ba3d58d673875042ff5","deployment-tool":"cli-firebase","deployment-scheduled":"true"},"sourceUploadUrl":"https://storage.googleapis.com/uploads-971134056265.us-east1.cloudfunctions.appspot.com/0247b0cd-6040-41bd-9d53-5406c310a839.zip","environmentVariables":{"FIREBASE_CONFIG":"{\"projectId\":\"point-app-1f854\",\"storageBucket\":\"point-app-1f854.firebasestorage.app\"}","GCLOUD_PROJECT":"point-app-1f854","EVENTARC_CLOUD_EVENT_SOURCE":"projects/point-app-1f854/locations/us-east1/functions/resetDailyGacha"},"runtime":"nodejs20","maxInstances":3000,"ingressSettings":"ALLOW_ALL","buildId":"85e78e52-6171-4164-a8f9-4b1a3f7683bd","buildEnvironmentVariables":{"GOOGLE_NODE_RUN_SCRIPTS":""},"buildName":"projects/892402029397/locations/us-east1/builds/85e78e52-6171-4164-a8f9-4b1a3f7683bd","dockerRegistry":"ARTIFACT_REGISTRY","automaticUpdatePolicy":{},"buildServiceAccount":"projects/point-app-1f854/serviceAccounts/892402029397-compute@developer.gserviceaccount.com","satisfiesPzi":true},{"name":"projects/point-app-1f854/locations/us-east1/functions/submitNibuichiResult","httpsTrigger":{"url":"https://us-east1-point-app-1f854.cloudfunctions.net/submitNibuichiResult","securityLevel":"SECURE_ALWAYS"},"status":"ACTIVE","entryPoint":"submitNibuichiResult","timeout":"60s","availableMemoryMb":256,"serviceAccountEmail":"point-app-1f854@appspot.gserviceaccount.com","updateTime":"2026-09-05T06:42:35.646Z","versionId":"28","labels":{"deployment-tool":"cli-firebase","deployment-callable":"true","firebase-functions-hash":"8010432b7ec741a061997715fa6b43a9bd225f47"},"sourceUploadUrl":"https://storage.googleapis.com/uploads-971134056265.us-east1.cloudfunctions.appspot.com/3cc4db74-07b7-4fa2-8c66-7f7979b31e94.zip","environmentVariables":{"FIREBASE_CONFIG":"{\"projectId\":\"point-app-1f854\",\"storageBucket\":\"point-app-1f854.firebasestorage.app\"}","GCLOUD_PROJECT":"point-app-1f854","EVENTARC_CLOUD_EVENT_SOURCE":"projects/point-app-1f854/locations/us-east1/functions/submitNibuichiResult"},"runtime":"nodejs20","ingressSettings":"ALLOW_ALL","buildId":"f58cd6a6-e09a-40c2-928e-10747b6e3522","buildEnvironmentVariables":{"GOOGLE_NODE_RUN_SCRIPTS":""},"buildName":"projects/892402029397/locations/us-east1/builds/f58cd6a6-e09a-40c2-928e-10747b6e3522","dockerRegistry":"ARTIFACT_REGISTRY","automaticUpdatePolicy":{},"buildServiceAccount":"projects/point-app-1f854/serviceAccounts/892402029397-compute@developer.gserviceaccount.com","satisfiesPzi":true},{"name":"projects/point-app-1f854/locations/us-east1/functions/createUserProfile","httpsTrigger":{"url":"https://us-east1-point-app-1f854.cloudfunctions.net/createUserProfile","securityLevel":"SECURE_ALWAYS"},"status":"ACTIVE","entryPoint":"createUserProfile","timeout":"60s","availableMemoryMb":256,"serviceAccountEmail":"point-app-1f854@appspot.gserviceaccount.com","updateTime":"2026-08-27T11:10:28.736800415Z","versionId":"1","labels":{"deployment-tool":"cli-firebase","deployment-callable":"true","firebase-functions-hash":"0389a49760d52bb8cdcd1ba3d58d673875042ff5"},"sourceUploadUrl":"https://storage.googleapis.com/uploads-971134056265.us-east1.cloudfunctions.appspot.com/0247b0cd-6040-41bd-9d53-5406c310a839.zip","environmentVariables":{"FIREBASE_CONFIG":"{\"projectId\":\"point-app-1f854\",\"storageBucket\":\"point-app-1f854.firebasestorage.app\"}","GCLOUD_PROJECT":"point-app-1f854","EVENTARC_CLOUD_EVENT_SOURCE":"projects/point-app-1f854/locations/us-east1/functions/createUserProfile"},"runtime":"nodejs20","ingressSettings":"ALLOW_ALL","buildId":"ced9aa88-5563-471a-b274-9b5374d19d06","buildEnvironmentVariables":{"GOOGLE_NODE_RUN_SCRIPTS":""},"buildName":"projects/892402029397/locations/us-east1/builds/ced9aa88-5563-471a-b274-9b5374d19d06","dockerRegistry":"ARTIFACT_REGISTRY","automaticUpdatePolicy":{},"buildServiceAccount":"projects/point-app-1f854/serviceAccounts/892402029397-compute@developer.gserviceaccount.com","satisfiesPzi":true},{"name":"projects/point-app-1f854/locations/us-east1/functions/resetWeeklyNibuichiStats","eventTrigger":{"eventType":"google.pubsub.topic.publish","resource":"projects/point-app-1f854/topics/firebase-schedule-resetWeeklyNibuichiStats-us-east1","service":"pubsub.googleapis.com","failurePolicy":{}},"status":"ACTIVE","entryPoint":"resetWeeklyNibuichiStats","timeout":"60s","availableMemoryMb":256,"serviceAccountEmail":"point-app-1f854@appspot.gserviceaccount.com","updateTime":"2026-08-27T11:10:47.714Z","versionId":"29","labels":{"deployment-tool":"cli-firebase","deployment-scheduled":"true","firebase-functions-hash":"0389a49760d52bb8cdcd1ba3d58d673875042ff5"},"sourceUploadUrl":"https://storage.googleapis.com/uploads-971134056265.us-east1.cloudfunctions.appspot.com/0247b0cd-6040-41bd-9d53-5406c310a839.zip","environmentVariables":{"FIREBASE_CONFIG":"{\"projectId\":\"point-app-1f854\",\"storageBucket\":\"point-app-1f854.firebasestorage.app\"}","GCLOUD_PROJECT":"point-app-1f854","EVENTARC_CLOUD_EVENT_SOURCE":"projects/point-app-1f854/locations/us-east1/functions/resetWeeklyNibuichiStats"},"runtime":"nodejs20","maxInstances":3000,"ingressSettings":"ALLOW_ALL","buildId":"85e78e52-6171-4164-a8f9-4b1a3f7683bd","buildEnvironmentVariables":{"GOOGLE_NODE_RUN_SCRIPTS":""},"buildName":"projects/892402029397/locations/us-east1/builds/85e78e52-6171-4164-a8f9-4b1a3f7683bd","dockerRegistry":"ARTIFACT_REGISTRY","automaticUpdatePolicy":{},"buildServiceAccount":"projects/point-app-1f854/serviceAccounts/892402029397-compute@developer.gserviceaccount.com","satisfiesPzi":true}]}
[debug] [2026-09-05T06:43:09.223Z] Checked if tokens are valid: true, expires at: 1788592109661
[debug] [2026-09-05T06:43:09.223Z] Checked if tokens are valid: true, expires at: 1788592109661
[debug] [2026-09-05T06:43:09.223Z] >>> [apiv2][query] GET https://cloudfunctions.googleapis.com/v2/projects/point-app-1f854/locations/-/functions filter=environment%3D%22GEN_2%22
[debug] [2026-09-05T06:43:09.780Z] <<< [apiv2][status] GET https://cloudfunctions.googleapis.com/v2/projects/point-app-1f854/locations/-/functions 200
[debug] [2026-09-05T06:43:09.781Z] <<< [apiv2][body] GET https://cloudfunctions.googleapis.com/v2/projects/point-app-1f854/locations/-/functions {"functions":[{"name":"projects/point-app-1f854/locations/us-central1/functions/ssrpointapp1f854","buildConfig":{"build":"projects/892402029397/locations/us-central1/builds/bf0ced81-8716-4222-a274-2387fe4657dc","runtime":"nodejs24","entryPoint":"ssrpointapp1f854","source":{"storageSource":{"bucket":"gcf-v2-sources-892402029397-us-central1","object":"ssrpointapp1f854/function-source.zip","generation":"1788588569726420"}},"environmentVariables":{"GOOGLE_NODE_RUN_SCRIPTS":""},"dockerRepository":"projects/point-app-1f854/locations/us-central1/repositories/gcf-artifacts","sourceProvenance":{"resolvedStorageSource":{"bucket":"gcf-v2-sources-892402029397-us-central1","object":"ssrpointapp1f854/function-source.zip","generation":"1788588569726420"}},"dockerRegistry":"ARTIFACT_REGISTRY","serviceAccount":"projects/point-app-1f854/serviceAccounts/892402029397-compute@developer.gserviceaccount.com","automaticUpdatePolicy":{}},"serviceConfig":{"service":"projects/point-app-1f854/locations/us-central1/services/ssrpointapp1f854","timeoutSeconds":60,"environmentVariables":{"VERCEL_URL":"point-app-1f854.web.app","__FIREBASE_FRAMEWORKS_ENTRY__":"next.js","__FIREBASE_DEFAULTS__":"{\"config\":{\"projectId\":\"point-app-1f854\",\"appId\":\"1:892402029397:web:d58294a612406c47ce95dc\",\"storageBucket\":\"point-app-1f854.firebasestorage.app\",\"apiKey\":\"AIzaSyDaoJLk44JYOQkij3XF_OUoui2cqjQLP_k\",\"authDomain\":\"point-app-1f854.firebaseapp.com\",\"messagingSenderId\":\"892402029397\",\"projectNumber\":\"892402029397\",\"version\":\"2\"},\"_authTokenSyncURL\":\"/__session\"}","FIREBASE_CONFIG":"{\"projectId\":\"point-app-1f854\",\"storageBucket\":\"point-app-1f854.firebasestorage.app\"}","GCLOUD_PROJECT":"point-app-1f854","EVENTARC_CLOUD_EVENT_SOURCE":"projects/point-app-1f854/locations/us-central1/services/ssrpointapp1f854","FUNCTION_TARGET":"ssrpointapp1f854","LOG_EXECUTION_ID":"true"},"maxInstanceCount":20,"ingressSettings":"ALLOW_ALL","uri":"https://ssrpointapp1f854-khk333dhrq-uc.a.run.app","serviceAccountEmail":"892402029397-compute@developer.gserviceaccount.com","availableMemory":"256Mi","allTrafficOnLatestRevision":true,"revision":"ssrpointapp1f854-00050-yaf","maxInstanceRequestConcurrency":80,"availableCpu":"1"},"state":"ACTIVE","updateTime":"2026-09-05T06:12:26.378929473Z","labels":{"firebase-functions-codebase":"firebase-frameworks-point-app-1f854","firebase-functions-hash":"3ae4fc17074c6e5439bfa880fed771940b363f45","deployment-tool":"cli-firebase"},"environment":"GEN_2","url":"https://us-central1-point-app-1f854.cloudfunctions.net/ssrpointapp1f854","createTime":"2026-05-31T13:45:50.824335046Z","satisfiesPzi":true},{"name":"projects/point-app-1f854/locations/us-east1/functions/processImage","buildConfig":{"build":"projects/892402029397/locations/us-east1/builds/f31fc81a-0854-4690-bbee-2f1e44f21fde","runtime":"nodejs20","entryPoint":"processImage","source":{"storageSource":{"bucket":"gcf-v2-sources-892402029397-us-east1","object":"processImage/function-source.zip","generation":"1787828952205972"}},"environmentVariables":{"GOOGLE_NODE_RUN_SCRIPTS":""},"dockerRepository":"projects/point-app-1f854/locations/us-east1/repositories/gcf-artifacts","sourceProvenance":{"resolvedStorageSource":{"bucket":"gcf-v2-sources-892402029397-us-east1","object":"processImage/function-source.zip","generation":"1787828952205972"}},"dockerRegistry":"ARTIFACT_REGISTRY","serviceAccount":"projects/point-app-1f854/serviceAccounts/892402029397-compute@developer.gserviceaccount.com","automaticUpdatePolicy":{}},"serviceConfig":{"service":"projects/point-app-1f854/locations/us-east1/services/processimage","timeoutSeconds":60,"environmentVariables":{"FIREBASE_CONFIG":"{\"projectId\":\"point-app-1f854\",\"storageBucket\":\"point-app-1f854.firebasestorage.app\"}","GCLOUD_PROJECT":"point-app-1f854","EVENTARC_CLOUD_EVENT_SOURCE":"projects/point-app-1f854/locations/us-east1/services/processImage","FUNCTION_SIGNATURE_TYPE":"cloudevent","FUNCTION_TARGET":"processImage","LOG_EXECUTION_ID":"true"},"maxInstanceCount":20,"ingressSettings":"ALLOW_ALL","uri":"https://processimage-khk333dhrq-ue.a.run.app","serviceAccountEmail":"892402029397-compute@developer.gserviceaccount.com","availableMemory":"256Mi","allTrafficOnLatestRevision":true,"revision":"processimage-00030-lur","maxInstanceRequestConcurrency":80,"availableCpu":"1"},"eventTrigger":{"trigger":"projects/point-app-1f854/locations/us-east1/triggers/processimage-146956","triggerRegion":"us-east1","eventType":"google.cloud.storage.object.v1.finalized","eventFilters":[{"attribute":"bucket","value":"point-app-1f854.firebasestorage.app"}],"pubsubTopic":"projects/point-app-1f854/topics/eventarc-us-east1-processimage-146956-791","serviceAccountEmail":"892402029397-compute@developer.gserviceaccount.com","retryPolicy":"RETRY_POLICY_DO_NOT_RETRY"},"state":"ACTIVE","updateTime":"2026-08-27T11:10:37.448220527Z","labels":{"deployment-tool":"cli-firebase","firebase-functions-hash":"0389a49760d52bb8cdcd1ba3d58d673875042ff5"},"environment":"GEN_2","url":"https://us-east1-point-app-1f854.cloudfunctions.net/processImage","createTime":"2026-05-27T11:43:57.052210956Z","satisfiesPzi":true}]}
[info] i  hosting: The following function(s) are pinned to site point-app-1f854 and will be deployed as well: ssrpointapp1f854 
[info] 
[info] === Deploying to 'point-app-1f854'...
[info] 
[info] i  deploying functions, hosting 
[debug] [2026-09-05T06:43:09.785Z] Checked if tokens are valid: true, expires at: 1788592109661
[debug] [2026-09-05T06:43:09.785Z] Checked if tokens are valid: true, expires at: 1788592109661
[debug] [2026-09-05T06:43:09.785Z] >>> [apiv2][query] GET https://cloudresourcemanager.googleapis.com/v1/projects/point-app-1f854 [none]
[debug] [2026-09-05T06:43:09.967Z] <<< [apiv2][status] GET https://cloudresourcemanager.googleapis.com/v1/projects/point-app-1f854 200
[debug] [2026-09-05T06:43:09.967Z] <<< [apiv2][body] GET https://cloudresourcemanager.googleapis.com/v1/projects/point-app-1f854 {"projectNumber":"892402029397","projectId":"point-app-1f854","lifecycleState":"ACTIVE","name":"point-app","labels":{"firebase":"enabled","firebase-core":"disabled"},"createTime":"2026-04-30T05:28:45.427Z"}
[info] i  functions: preparing codebase firebase-frameworks-point-app-1f854 for deployment 
[info] i  functions: ensuring required API cloudfunctions.googleapis.com is enabled... 
[info] i  functions: ensuring required API cloudbuild.googleapis.com is enabled... 
[info] i  artifactregistry: ensuring required API artifactregistry.googleapis.com is enabled... 
[debug] [2026-09-05T06:43:09.969Z] Checked if tokens are valid: true, expires at: 1788592109661
[debug] [2026-09-05T06:43:09.969Z] Checked if tokens are valid: true, expires at: 1788592109661
[debug] [2026-09-05T06:43:09.969Z] >>> [apiv2][query] GET https://firebase.googleapis.com/v1beta1/projects/point-app-1f854/adminSdkConfig [none]
[debug] [2026-09-05T06:43:10.704Z] <<< [apiv2][status] GET https://firebase.googleapis.com/v1beta1/projects/point-app-1f854/adminSdkConfig 200
[debug] [2026-09-05T06:43:10.705Z] <<< [apiv2][body] GET https://firebase.googleapis.com/v1beta1/projects/point-app-1f854/adminSdkConfig {"projectId":"point-app-1f854","storageBucket":"point-app-1f854.firebasestorage.app"}
[debug] [2026-09-05T06:43:10.705Z] Checked if tokens are valid: true, expires at: 1788592109661
[debug] [2026-09-05T06:43:10.705Z] Checked if tokens are valid: true, expires at: 1788592109661
[debug] [2026-09-05T06:43:10.705Z] >>> [apiv2][query] GET https://runtimeconfig.googleapis.com/v1beta1/projects/point-app-1f854/configs [none]
[debug] [2026-09-05T06:43:11.827Z] <<< [apiv2][status] GET https://runtimeconfig.googleapis.com/v1beta1/projects/point-app-1f854/configs 200
[debug] [2026-09-05T06:43:11.827Z] <<< [apiv2][body] GET https://runtimeconfig.googleapis.com/v1beta1/projects/point-app-1f854/configs {}
[debug] [2026-09-05T06:43:11.827Z] Validating nodejs source
[warn] ⚠  functions: package.json indicates an outdated version of firebase-functions. Please upgrade using npm install --save firebase-functions@latest in your functions directory. 
[warn] ⚠  functions: Please note that there will be breaking changes when you upgrade. 
[debug] [2026-09-05T06:43:12.562Z] > [functions] package.json contents: {
  "name": "yumetsuki-app",
  "version": "0.1.0",
  "private": true,
  "dependencies": {
    "firebase": "^12.13.0",
    "firebase-admin": "^13.10.0",
    "next": "^15.1.6",
    "react": "19.2.4",
    "react-dom": "19.2.4",
    "sharp": "^0.32 || ^0.33",
    "firebase-frameworks": "^0.11.0",
    "firebase-functions": "^6.0.1"
  },
  "main": "server.js",
  "engines": {
    "node": "24"
  }
}
[debug] [2026-09-05T06:43:12.562Z] Building nodejs source
[info] i  functions: Loading and analyzing source code for codebase firebase-frameworks-point-app-1f854 to determine what to deploy 
[debug] [2026-09-05T06:43:12.562Z] Could not find functions.yaml. Must use http discovery
[debug] [2026-09-05T06:43:12.565Z] Found firebase-functions binary at '/Users/itohiya/Desktop/アプリ開発/yumetsuki-app/yumetsuki-app/.firebase/point-app-1f854/functions/node_modules/.bin/firebase-functions'
[info] Serving at port 8390

[debug] [2026-09-05T06:43:13.199Z] Got response from /__/functions.yaml {"endpoints":{"ssrpointapp1f854":{"availableMemoryMb":null,"timeoutSeconds":null,"minInstances":null,"maxInstances":null,"ingressSettings":null,"concurrency":null,"serviceAccountEmail":null,"vpc":null,"platform":"gcfv2","labels":{},"httpsTrigger":{},"entryPoint":"ssrpointapp1f854"}},"specVersion":"v1alpha1","requiredAPIs":[],"extensions":{}}
[info] i  extensions: ensuring required API firebaseextensions.googleapis.com is enabled... 
[debug] [2026-09-05T06:43:17.218Z] > command requires scopes: ["email","openid","https://www.googleapis.com/auth/cloudplatformprojects.readonly","https://www.googleapis.com/auth/firebase","https://www.googleapis.com/auth/cloud-platform"]
[debug] [2026-09-05T06:43:17.218Z] > authorizing via signed-in user (yumetsukigame@gmail.com)
[debug] [2026-09-05T06:43:17.218Z] [iam] checking project point-app-1f854 for permissions ["firebase.projects.get","firebaseextensions.instances.list"]
[debug] [2026-09-05T06:43:17.218Z] Checked if tokens are valid: true, expires at: 1788592109661
[debug] [2026-09-05T06:43:17.218Z] Checked if tokens are valid: true, expires at: 1788592109661
[debug] [2026-09-05T06:43:17.218Z] >>> [apiv2][query] POST https://cloudresourcemanager.googleapis.com/v1/projects/point-app-1f854:testIamPermissions [none]
[debug] [2026-09-05T06:43:17.218Z] >>> [apiv2][(partial)header] POST https://cloudresourcemanager.googleapis.com/v1/projects/point-app-1f854:testIamPermissions  x-goog-user-project=point-app-1f854
[debug] [2026-09-05T06:43:17.218Z] >>> [apiv2][body] POST https://cloudresourcemanager.googleapis.com/v1/projects/point-app-1f854:testIamPermissions {"permissions":["firebase.projects.get","firebaseextensions.instances.list"]}
[debug] [2026-09-05T06:43:17.868Z] <<< [apiv2][status] POST https://cloudresourcemanager.googleapis.com/v1/projects/point-app-1f854:testIamPermissions 200
[debug] [2026-09-05T06:43:17.868Z] <<< [apiv2][body] POST https://cloudresourcemanager.googleapis.com/v1/projects/point-app-1f854:testIamPermissions {"permissions":["firebase.projects.get","firebaseextensions.instances.list"]}
[debug] [2026-09-05T06:43:17.869Z] Checked if tokens are valid: true, expires at: 1788592109661
[debug] [2026-09-05T06:43:17.869Z] Checked if tokens are valid: true, expires at: 1788592109661
[debug] [2026-09-05T06:43:17.869Z] >>> [apiv2][query] GET https://firebaseextensions.googleapis.com/v1beta/projects/point-app-1f854/instances pageSize=100&pageToken=
[debug] [2026-09-05T06:43:18.729Z] <<< [apiv2][status] GET https://firebaseextensions.googleapis.com/v1beta/projects/point-app-1f854/instances 200
[debug] [2026-09-05T06:43:18.729Z] <<< [apiv2][body] GET https://firebaseextensions.googleapis.com/v1beta/projects/point-app-1f854/instances {}
[info] i  functions: Loaded environment variables from .env. 
[info] i  functions: preparing .firebase/point-app-1f854/functions directory for uploading... 
[info] i  functions: packaged /Users/itohiya/Desktop/アプリ開発/yumetsuki-app/yumetsuki-app/.firebase/point-app-1f854/functions (126.93 MB) for uploading 
[info] i  functions: ensuring required API run.googleapis.com is enabled... 
[info] i  functions: ensuring required API eventarc.googleapis.com is enabled... 
[info] i  functions: ensuring required API pubsub.googleapis.com is enabled... 
[info] i  functions: ensuring required API storage.googleapis.com is enabled... 
[info] i  functions: generating the service identity for pubsub.googleapis.com... 
[debug] [2026-09-05T06:43:23.552Z] Checked if tokens are valid: true, expires at: 1788592109661
[debug] [2026-09-05T06:43:23.552Z] Checked if tokens are valid: true, expires at: 1788592109661
[info] i  functions: generating the service identity for eventarc.googleapis.com... 
[debug] [2026-09-05T06:43:23.552Z] Checked if tokens are valid: true, expires at: 1788592109661
[debug] [2026-09-05T06:43:23.553Z] Checked if tokens are valid: true, expires at: 1788592109661
[debug] [2026-09-05T06:43:23.553Z] >>> [apiv2][query] POST https://serviceusage.googleapis.com/v1beta1/projects/892402029397/services/pubsub.googleapis.com:generateServiceIdentity [none]
[debug] [2026-09-05T06:43:23.553Z] >>> [apiv2][(partial)header] POST https://serviceusage.googleapis.com/v1beta1/projects/892402029397/services/pubsub.googleapis.com:generateServiceIdentity  x-goog-user-project=892402029397
[debug] [2026-09-05T06:43:23.553Z] >>> [apiv2][body] POST https://serviceusage.googleapis.com/v1beta1/projects/892402029397/services/pubsub.googleapis.com:generateServiceIdentity {}
[debug] [2026-09-05T06:43:23.553Z] >>> [apiv2][query] POST https://serviceusage.googleapis.com/v1beta1/projects/892402029397/services/eventarc.googleapis.com:generateServiceIdentity [none]
[debug] [2026-09-05T06:43:23.553Z] >>> [apiv2][(partial)header] POST https://serviceusage.googleapis.com/v1beta1/projects/892402029397/services/eventarc.googleapis.com:generateServiceIdentity  x-goog-user-project=892402029397
[debug] [2026-09-05T06:43:23.553Z] >>> [apiv2][body] POST https://serviceusage.googleapis.com/v1beta1/projects/892402029397/services/eventarc.googleapis.com:generateServiceIdentity {}
[debug] [2026-09-05T06:43:24.712Z] <<< [apiv2][status] POST https://serviceusage.googleapis.com/v1beta1/projects/892402029397/services/pubsub.googleapis.com:generateServiceIdentity 200
[debug] [2026-09-05T06:43:24.713Z] <<< [apiv2][body] POST https://serviceusage.googleapis.com/v1beta1/projects/892402029397/services/pubsub.googleapis.com:generateServiceIdentity {"name":"operations/finished.DONE_OPERATION","done":true,"response":{"@type":"type.googleapis.com/google.api.serviceusage.v1beta1.ServiceIdentity","email":"service-892402029397@gcp-sa-pubsub.iam.gserviceaccount.com","uniqueId":"118136584860221444261"}}
[debug] [2026-09-05T06:43:24.744Z] <<< [apiv2][status] POST https://serviceusage.googleapis.com/v1beta1/projects/892402029397/services/eventarc.googleapis.com:generateServiceIdentity 200
[debug] [2026-09-05T06:43:24.745Z] <<< [apiv2][body] POST https://serviceusage.googleapis.com/v1beta1/projects/892402029397/services/eventarc.googleapis.com:generateServiceIdentity {"name":"operations/finished.DONE_OPERATION","done":true,"response":{"@type":"type.googleapis.com/google.api.serviceusage.v1beta1.ServiceIdentity","email":"service-892402029397@gcp-sa-eventarc.iam.gserviceaccount.com","uniqueId":"109259584237262740484"}}
[debug] [2026-09-05T06:43:24.747Z] Checked if tokens are valid: true, expires at: 1788592109661
[debug] [2026-09-05T06:43:24.748Z] Checked if tokens are valid: true, expires at: 1788592109661
[debug] [2026-09-05T06:43:24.748Z] >>> [apiv2][query] GET https://cloudresourcemanager.googleapis.com/v1/projects/point-app-1f854 [none]
[debug] [2026-09-05T06:43:24.953Z] <<< [apiv2][status] GET https://cloudresourcemanager.googleapis.com/v1/projects/point-app-1f854 200
[debug] [2026-09-05T06:43:24.953Z] <<< [apiv2][body] GET https://cloudresourcemanager.googleapis.com/v1/projects/point-app-1f854 {"projectNumber":"892402029397","projectId":"point-app-1f854","lifecycleState":"ACTIVE","name":"point-app","labels":{"firebase":"enabled","firebase-core":"disabled"},"createTime":"2026-04-30T05:28:45.427Z"}
[debug] [2026-09-05T06:43:24.953Z] Checked if tokens are valid: true, expires at: 1788592109661
[debug] [2026-09-05T06:43:24.953Z] Checked if tokens are valid: true, expires at: 1788592109661
[debug] [2026-09-05T06:43:24.953Z] >>> [apiv2][query] GET https://compute.googleapis.com/compute/v1/projects/892402029397 [none]
[debug] [2026-09-05T06:43:25.235Z] <<< [apiv2][status] GET https://compute.googleapis.com/compute/v1/projects/892402029397 403
[debug] [2026-09-05T06:43:25.235Z] <<< [apiv2][body] GET https://compute.googleapis.com/compute/v1/projects/892402029397 {"error":{"code":403,"message":"Compute Engine API has not been used in project 892402029397 before or it is disabled. Enable it by visiting https://console.developers.google.com/apis/api/compute.googleapis.com/overview?project=892402029397 then retry. If you enabled this API recently, wait a few minutes for the action to propagate to our systems and retry.","errors":[{"message":"Compute Engine API has not been used in project 892402029397 before or it is disabled. Enable it by visiting https://console.developers.google.com/apis/api/compute.googleapis.com/overview?project=892402029397 then retry. If you enabled this API recently, wait a few minutes for the action to propagate to our systems and retry.","domain":"usageLimits","reason":"accessNotConfigured","extendedHelp":"https://console.developers.google.com"}],"status":"PERMISSION_DENIED","details":[{"@type":"type.googleapis.com/google.rpc.ErrorInfo","reason":"SERVICE_DISABLED","domain":"googleapis.com","metadata":{"consumer":"projects/892402029397","containerInfo":"892402029397","service":"compute.googleapis.com","serviceTitle":"Compute Engine API","activationUrl":"https://console.developers.google.com/apis/api/compute.googleapis.com/overview?project=892402029397"}},{"@type":"type.googleapis.com/google.rpc.LocalizedMessage","locale":"en-US","message":"Compute Engine API has not been used in project 892402029397 before or it is disabled. Enable it by visiting https://console.developers.google.com/apis/api/compute.googleapis.com/overview?project=892402029397 then retry. If you enabled this API recently, wait a few minutes for the action to propagate to our systems and retry."},{"@type":"type.googleapis.com/google.rpc.Help","links":[{"description":"Google developers console API activation","url":"https://console.developers.google.com/apis/api/compute.googleapis.com/overview?project=892402029397"}]}]}}
[debug] [2026-09-05T06:43:25.236Z] unable to look up default compute service account. Falling back to 892402029397-compute@developer.gserviceaccount.com. Error: {"name":"FirebaseError","children":[],"context":{"body":{"error":{"code":403,"message":"Compute Engine API has not been used in project 892402029397 before or it is disabled. Enable it by visiting https://console.developers.google.com/apis/api/compute.googleapis.com/overview?project=892402029397 then retry. If you enabled this API recently, wait a few minutes for the action to propagate to our systems and retry.","errors":[{"message":"Compute Engine API has not been used in project 892402029397 before or it is disabled. Enable it by visiting https://console.developers.google.com/apis/api/compute.googleapis.com/overview?project=892402029397 then retry. If you enabled this API recently, wait a few minutes for the action to propagate to our systems and retry.","domain":"usageLimits","reason":"accessNotConfigured","extendedHelp":"https://console.developers.google.com"}],"status":"PERMISSION_DENIED","details":[{"@type":"type.googleapis.com/google.rpc.ErrorInfo","reason":"SERVICE_DISABLED","domain":"googleapis.com","metadata":{"consumer":"projects/892402029397","containerInfo":"892402029397","service":"compute.googleapis.com","serviceTitle":"Compute Engine API","activationUrl":"https://console.developers.google.com/apis/api/compute.googleapis.com/overview?project=892402029397"}},{"@type":"type.googleapis.com/google.rpc.LocalizedMessage","locale":"en-US","message":"Compute Engine API has not been used in project 892402029397 before or it is disabled. Enable it by visiting https://console.developers.google.com/apis/api/compute.googleapis.com/overview?project=892402029397 then retry. If you enabled this API recently, wait a few minutes for the action to propagate to our systems and retry."},{"@type":"type.googleapis.com/google.rpc.Help","links":[{"description":"Google developers console API activation","url":"https://console.developers.google.com/apis/api/compute.googleapis.com/overview?project=892402029397"}]}]}},"response":{"statusCode":403}},"exit":1,"message":"Request to https://compute.googleapis.com/compute/v1/projects/892402029397 had HTTP Error: 403, Compute Engine API has not been used in project 892402029397 before or it is disabled. Enable it by visiting https://console.developers.google.com/apis/api/compute.googleapis.com/overview?project=892402029397 then retry. If you enabled this API recently, wait a few minutes for the action to propagate to our systems and retry.","status":403}
[debug] [2026-09-05T06:43:25.237Z] Checked if tokens are valid: true, expires at: 1788592109661
[debug] [2026-09-05T06:43:25.237Z] Checked if tokens are valid: true, expires at: 1788592109661
[debug] [2026-09-05T06:43:25.237Z] >>> [apiv2][query] GET https://firebasehosting.googleapis.com/v1beta1/projects/point-app-1f854/sites/point-app-1f854 [none]
[debug] [2026-09-05T06:43:25.958Z] <<< [apiv2][status] GET https://firebasehosting.googleapis.com/v1beta1/projects/point-app-1f854/sites/point-app-1f854 200
[debug] [2026-09-05T06:43:25.958Z] <<< [apiv2][body] GET https://firebasehosting.googleapis.com/v1beta1/projects/point-app-1f854/sites/point-app-1f854 {"name":"projects/point-app-1f854/sites/point-app-1f854","defaultUrl":"https://point-app-1f854.web.app","type":"DEFAULT_SITE"}
[debug] [2026-09-05T06:43:25.959Z] Checked if tokens are valid: true, expires at: 1788592109661
[debug] [2026-09-05T06:43:25.959Z] Checked if tokens are valid: true, expires at: 1788592109661
[debug] [2026-09-05T06:43:25.959Z] >>> [apiv2][query] POST https://firebasehosting.googleapis.com/v1beta1/projects/-/sites/point-app-1f854/versions [none]
[debug] [2026-09-05T06:43:25.959Z] >>> [apiv2][body] POST https://firebasehosting.googleapis.com/v1beta1/projects/-/sites/point-app-1f854/versions {"status":"CREATED","labels":{"deployment-tool":"cli-firebase","firebase-web-framework":"next_ssr"}}
[debug] [2026-09-05T06:43:27.085Z] <<< [apiv2][status] POST https://firebasehosting.googleapis.com/v1beta1/projects/-/sites/point-app-1f854/versions 200
[debug] [2026-09-05T06:43:27.085Z] <<< [apiv2][body] POST https://firebasehosting.googleapis.com/v1beta1/projects/-/sites/point-app-1f854/versions {"name":"projects/892402029397/sites/point-app-1f854/versions/65bf3ce175d433d2","status":"CREATED","config":{},"labels":{"firebase-web-framework":"next_ssr","deployment-tool":"cli-firebase"}}
[debug] [2026-09-05T06:43:27.086Z] Checked if tokens are valid: true, expires at: 1788592109661
[debug] [2026-09-05T06:43:27.086Z] Checked if tokens are valid: true, expires at: 1788592109661
[debug] [2026-09-05T06:43:27.086Z] >>> [apiv2][query] GET https://cloudbilling.googleapis.com/v1/projects/point-app-1f854/billingInfo [none]
[debug] [2026-09-05T06:43:27.087Z] >>> [apiv2][(partial)header] GET https://cloudbilling.googleapis.com/v1/projects/point-app-1f854/billingInfo  x-goog-user-project=point-app-1f854
[debug] [2026-09-05T06:43:28.254Z] <<< [apiv2][status] GET https://cloudbilling.googleapis.com/v1/projects/point-app-1f854/billingInfo 200
[debug] [2026-09-05T06:43:28.254Z] <<< [apiv2][body] GET https://cloudbilling.googleapis.com/v1/projects/point-app-1f854/billingInfo {"name":"projects/point-app-1f854/billingInfo","projectId":"point-app-1f854","billingAccountName":"billingAccounts/0164A6-0B2BAD-114AB9","billingEnabled":true}
[debug] [2026-09-05T06:43:28.256Z] Checked if tokens are valid: true, expires at: 1788592109661
[debug] [2026-09-05T06:43:28.256Z] Checked if tokens are valid: true, expires at: 1788592109661
[debug] [2026-09-05T06:43:28.256Z] >>> [apiv2][query] POST https://cloudfunctions.googleapis.com/v2/projects/point-app-1f854/locations/us-central1/functions:generateUploadUrl [none]
[debug] [2026-09-05T06:43:29.545Z] <<< [apiv2][status] POST https://cloudfunctions.googleapis.com/v2/projects/point-app-1f854/locations/us-central1/functions:generateUploadUrl 200
[debug] [2026-09-05T06:43:29.546Z] <<< [apiv2][body] POST https://cloudfunctions.googleapis.com/v2/projects/point-app-1f854/locations/us-central1/functions:generateUploadUrl {"uploadUrl":"https://storage.googleapis.com/gcf-v2-uploads-892402029397.us-central1.cloudfunctions.appspot.com/bda713ac-0d78-43c5-80e1-99829362a41f.zip?GoogleAccessId=service-892402029397@gcf-admin-robot.iam.gserviceaccount.com&Expires=1788592409&Signature=ILX56A986G5TdM3apCDTPRQe6sCOyJ%2FLLUfH%2BLu3p483ZumYMpxza6rHJlw11jQvR7lLIerIvlaf1ExLPvFvBTh40Gu8zvPqDJSIQF7jKhielgOfLDebFtkNDyll1tcSDWwIzfIhtpJOD4agNgsbTGPfKWQ%2Fm0ytUNNexSHVHknFJhGbpACM2wgRF4%2BYHyphsUj7bpSFZhEg9R4Icx6d8I8LtO%2Bv4i6W4bzftwwNw2ycX%2Bi2nNO5Ugv8pPdJj4g5tr%2BjisDzkEthJaqXDyzrnEP3CCjkIl9WCSGO2zT%2BQRxLQTDKG7xaALe6mwbRhZUmxu2oXoimnHMSiihRsheN6A%3D%3D","storageSource":{"bucket":"gcf-v2-uploads-892402029397.us-central1.cloudfunctions.appspot.com","object":"bda713ac-0d78-43c5-80e1-99829362a41f.zip"}}
[debug] [2026-09-05T06:43:29.547Z] >>> [apiv2][query] PUT https://storage.googleapis.com/gcf-v2-uploads-892402029397.us-central1.cloudfunctions.appspot.com/bda713ac-0d78-43c5-80e1-99829362a41f.zip GoogleAccessId=service-892402029397%40gcf-admin-robot.iam.gserviceaccount.com&Expires=1788592409&Signature=ILX56A986G5TdM3apCDTPRQe6sCOyJ%2FLLUfH%2BLu3p483ZumYMpxza6rHJlw11jQvR7lLIerIvlaf1ExLPvFvBTh40Gu8zvPqDJSIQF7jKhielgOfLDebFtkNDyll1tcSDWwIzfIhtpJOD4agNgsbTGPfKWQ%2Fm0ytUNNexSHVHknFJhGbpACM2wgRF4%2BYHyphsUj7bpSFZhEg9R4Icx6d8I8LtO%2Bv4i6W4bzftwwNw2ycX%2Bi2nNO5Ugv8pPdJj4g5tr%2BjisDzkEthJaqXDyzrnEP3CCjkIl9WCSGO2zT%2BQRxLQTDKG7xaALe6mwbRhZUmxu2oXoimnHMSiihRsheN6A%3D%3D
[debug] [2026-09-05T06:43:29.547Z] >>> [apiv2][body] PUT https://storage.googleapis.com/gcf-v2-uploads-892402029397.us-central1.cloudfunctions.appspot.com/bda713ac-0d78-43c5-80e1-99829362a41f.zip [stream]
[debug] [2026-09-05T06:43:40.009Z] <<< [apiv2][status] PUT https://storage.googleapis.com/gcf-v2-uploads-892402029397.us-central1.cloudfunctions.appspot.com/bda713ac-0d78-43c5-80e1-99829362a41f.zip 200
[debug] [2026-09-05T06:43:40.010Z] <<< [apiv2][body] PUT https://storage.googleapis.com/gcf-v2-uploads-892402029397.us-central1.cloudfunctions.appspot.com/bda713ac-0d78-43c5-80e1-99829362a41f.zip [omitted]
[info] ✔  functions: .firebase/point-app-1f854/functions source uploaded successfully 
[info] i  hosting[point-app-1f854]: beginning deploy... 
[info] i  hosting[point-app-1f854]: found 209 files in .firebase/point-app-1f854/hosting 
[debug] [2026-09-05T06:43:40.043Z] [hosting] uploading with 200 concurrency
[debug] [2026-09-05T06:43:40.416Z] Checked if tokens are valid: true, expires at: 1788592109661
[debug] [2026-09-05T06:43:40.416Z] Checked if tokens are valid: true, expires at: 1788592109661
[debug] [2026-09-05T06:43:40.417Z] [hosting] hash cache [LmZpcmViYXNlL3BvaW50LWFwcC0xZjg1NC9ob3N0aW5n] stored for 209 files
[debug] [2026-09-05T06:43:40.417Z] [hosting][hash queue][FINAL] {"max":346,"min":5,"avg":22.406698564593274,"active":0,"complete":209,"success":209,"errored":0,"retried":0,"total":209,"elapsed":372}
[debug] [2026-09-05T06:43:40.417Z] >>> [apiv2][query] POST https://firebasehosting.googleapis.com/v1beta1/projects/892402029397/sites/point-app-1f854/versions/65bf3ce175d433d2:populateFiles [none]
[debug] [2026-09-05T06:43:40.417Z] >>> [apiv2][body] POST https://firebasehosting.googleapis.com/v1beta1/projects/892402029397/sites/point-app-1f854/versions/65bf3ce175d433d2:populateFiles {"files":{"/window.svg":"11deaca6eadbb148caace8a5fe4a67353112de0afc5da83005d4797e403ab4f1","/vercel.svg":"9a61e768442ba3450026d0d69421315044931cbffaf8f6019f856ea82dd91e4e","/quizzes.html":"157a31519c7dda5e24792aafb2f7e8f013d17f48871809dfb77cfef9797b8fe4","/signup.html":"0e53c1f148538b06d9e707f93ad80e64ba08433e79f7ab1ddf72fe5a7647b44b","/manifest.json":"d81ccd4b89e16dc3d076caf96462700eb5055c30606dd0c7f9f31ac8244b8a99","/next.svg":"33c5c6ad1d08bb69d8026289530e377b4d6e2a96f24562e209fd1e1e9ccee64a","/reward.html":"0383d1ac657f2821dabb85a6716b6d3494c17c77edd921cdaee1ec5f5cd08ab4","/profile.html":"4772a2fb19286eee2e4c19d2cf06b9d661c2aeae0991c58c0e7ee915803e2f21","/my-reward.html":"0ff49277ae9eb3d8b8649ed3f005cc194fe279b96026034fee772a1757dababc","/nibuichi.html":"d721231534674e0e4b84baf2fd57a2111870785a7e20de7a0ecca0acc73cd26a","/login.html":"e0aae45f67ac5c8c2aedab7e5ef2c558ae3cfce47ac23d5f374f6e21764b4726","/index.html":"b7b252f4568bf3411084c3fde5dd9903831cb14a8bf5324fd0068e16b4ee50f9","/honpo.webp":"0c22929db5c604f6470598437e1a6d7a44a76aae752c62b98f2608da79f8fdaf","/history.html":"80b8df85bde4c9e8cf3ee534a05d586c1a8fd7a77b72f4ee3410536f31f761fe","/globe.svg":"ffe166407c928caa4d1640e2786d3385468043b3b9e6ea2282d4a3e370b3bc23","/file.svg":"154a8c2948836a88c695a789045bc44cc74c3d8958d5785a531d26324bc42cb1","/gacha.html":"3b71ef08539162139265819ca4757f6c935d77d21d6bbf1e642e09f4c221e342","/archive.html":"5aa68bc4127942bbd826175552ac3db65a4318a2b0da5d0b7ee2825761b91e78","/code.html":"430dce6c65a9d5aae4f4d6ecf4a3322659bb4c8d86987e9edd0b7d069ee42815","/admin.html":"2763bfe9232a6b41b8bb3cb658a79500a233a2373dd32c639e9980a5a086614d","/_not-found.html":"3e2ca1b6132b2593bb41593819b57bc2b39fa1fe853c30146a12e59fb5570778","/guide.html":"b334c44f8a3d0134cf73aaca3ceff1e84c4385bce772acde036a1a31897ad443","/404.html":"3e2ca1b6132b2593bb41593819b57bc2b39fa1fe853c30146a12e59fb5570778","/rewards/Pay.webp":"c40ed6cbe093d23b5f385dd9dc18e55503a4e6abdedc90800d49b2eb5eb5bffa","/.DS_Store":"f129bb0a44a2446d1d1fa7595842cb2363f2790b36c0b9086baa0bef5870e373","/quizzes/ranking.html":"186817c1393c7fca11d06b718ac277d85c9f091ae0cf25417548f35b6ed33774","/reward/complete.html":"b300ff9a6c073dd25a818f9779828a218ea09a15afa24c9dccc8055fa2c25ce1","/quizzes/archive.html":"4ac7ebcf43ee77ad041a3be634cbf4e818b957240e6802a433a1f98959337514","/favicon.ico":"04614fc32690cb60b39e472119b7f7aa91d88eaeb8511a7489f8cbe1552e6e59","/yumeapp.webp":"19f7181be247b19e53f2b0b0da6bbbf0667ac9664d86e8dfd9ef862c9a9fda47","/header_temp.webp":"177344e5713ebbf48403d60223c5f87f8c2e717a4298ecadadfe4aaa0861e6c6","/rewards/PSA10.webp":"ab29d19c2de1cc204d729c17f617d3bd4b0b99a085d6dbfb61d335613c02f363","/rewards/Fukuro.webp":"19c05c796535484161fb725f7744cda066d8bfd17890b55ac9cd7ef266eefac5","/nibuichi/ranking.html":"1f4e7dc11f6df42c7cb42de289bfa552fcbf4166d2b21ecd9fa47c0f7b564579","/nibuichi/history.html":"870519c22b27459df6ff4e164edbb6b88f281245acfb007cecd344a7ff7e7077","/nibuichi/calendar.html":"3237f28117979c0fb33c1ed07305150c9ce9d7db294932c469955bc6e8a2ecb5","/nibuichi/guide.html":"3744e818e24c4c298ee85377a3c758eafcd3eebd217373fcae46564d86a1c62d","/gacha/results.html":"e466dfe437626218da249c50785b1f67f9131e386a7daea58fe20f54c6b6e859","/gacha/list.html":"b2738dc9a000f56f2b5c286fe20c026566cea2b13abf1a82137c8de2fd2e8afe","/gacha/images.json":"d8e4e8e38b45b1460ce0654c0180961cc281bc147625a76abbd1e2d5a546037e","/orica/orica_001.webp":"e573fad4a363a578d8c8eda58606a0429e86f8fa73bef7efe0a2b0db46091b68","/nibuichi/nibuichi.webp":"7a968cdcd80f85681993e4264c3b84c95e83629c2bcbafaf80535fe6ba8f6ae5","/nibuichi/nibuni.webp":"02541a81b4daa9b24c7f2130cc9476550a0c93fc7dde19cfd9ead24d9afea3be","/nibuichi/nibuzero.webp":"b63149e038ade5310a89bfb5a89445fb29138cdd3c1cadc03afeff80248f1dad","/gacha/points.webp":"cae970b46c6910aab5ac4e21977199c85d53019e70c21380ea9ea9aa47f92446","/rewards/gacha.webp":"b1d4865f7052d955b2bd81e88d12b60d87c1c2d0632f9db092f59ac1f35aebcd","/gacha/nibuichi.webp":"1c357f1ae502f47363b98b29772f5e2cd4c793a131287083d4e2e50e02e35035","/gacha/archive.html":"b6400caf8492c3d0068f8ed73bbffd8f85c9905504e048b93e6af891a37656f3","/gacha/gacha.webp":"3e3b9c6bddd7294438a29a8a0beec0cf49e598f1d50103104a378803bd1480ec","/rewards/nanikaPSA.webp":"6a0607eb0ed66b1c3e1f94ff9e7bfa974ca7fb61a1b4d700e4f9e0f2c68c399d","/orica/sp_001.webp":"51de59888fc079868834595b862df3d342704c408f5c5ef6984863a88d2e61c5","/nibuichi/top.webp":"0d81f8dea83fb4f460c266b6a1f3aa88d27173d6f9b2fabfb158cf8ebd50624a","/nibuichi/bakuado.webp":"530d091c41c0d0ceed9478dd9f6ca3824f611be025fa589d55194080f11beb52","/gacha/pre.webp":"484dd72d1977c16d004e66e39ce32ac6e13a9e47b75b03f3da096b9377df3d2f","/gacha/oripa.webp":"73146440db277f3fe99eb93e323e5cf468f5c13a40c2a90ba1485fb197789d89","/orica/sp_003.webp":"7ecd42a694b994931853c4207eb8e7189b5d644e6c9c1038b6e612540653a038","/orica/sp_004.webp":"fa4abe74448e69294ff989553caa600ec38e0d607b74e4d2bc05a44602ad3482","/orica/orica_009.webp":"d479766e975906bb5d39d322d396a8dd9139205fceef898e176dbb44163aa11c","/archive/osusowake.html":"a2de84b0945823e28d88ad72881916bcd3da03c8308581711239b752315ee89f","/archive/orica.html":"5a092d65db1df429934c97b30fb68818e506659941aa9a13bcdd3ff8a5966637","/orica/orica_008.webp":"fe45b90c6842155ff2bbb95793215b49c082cb5994d8e2870a1cb6ff8b871c9c","/archive/memories.html":"8bed4fd56f77929ba910fc403597627b80ec18ceb561affcf44ead4643753a14","/archive/.DS_Store":"6e183501a16030fbab6d01ff41aa7b586196f290b08df06b9acd57c9f5cbb8b3","/orica/sp_005.webp":"5ac19caf3928e71a985a387a79edc07d7b84f9c321636500869d56ff8f2c7178","/archive/osusowake/.DS_Store":"1e5cc6cc5b6cf4a94c55d98c7520bfc3a8daa16ca3866b2667051b63b0c5e84d","/orica/orica_002.webp":"2c60618ffac431fbea2a3ff333a7e85057fa18d5126100d788791ec672844193","/admin/valid-codes.html":"1061aa1179dc9f4679185f362ff436f4daf5bd9ea1b920eff7ec3390ef40e45d","/admin/users.html":"397b2d0595f78ae53b8591f9f6e0627c1145baa31fcedc59cbd11cbafbfeb9b7","/admin/shipping.html":"9cf0af2327a8a4e4f693953e615a4caa5052a5dcac2886fbf824746b9dcfa5ce","/admin/rewards.html":"872fd895a0de004cf8c19516e28e335a70d4178bd5fb67a06986e37652cb6815","/admin/quizzes.html":"49299200c146c0a04d9fa96f08427fb413a84eb6d995e66fe6f723063e902df7","/admin/nibuichi.html":"55ab23aaa3683a4f8bbe8e8a0788276768606babccf5a03082992944d4ee5364","/admin/login.html":"057501919a8a3af8afef05c62545cbc483b36e3aa498c3605ca02d40bb95f34d","/admin/images.html":"0a37a9f944c9d023e85459de71dfc93e60f399827d82e15d637fd612e7673749","/admin/history.html":"73c89bd7a71ab87d108ef89b1b7a20ab0f10b8c4b9a2e57df142e18b769abfa1","/admin/gacha.html":"257a600ba175eb320989af020e6df5cb2cecc4c024a10b573192374674739866","/memories/week_001.webp":"7a199dca899985d85d652437da70d391560c2b5334b746da223c8173e4c23717","/admin/create-code.html":"ec9f92d4b5fb2ef50a4959496dd12f407944fc44e48b0dc138200968664f6874","/admin/codes.html":"53d3c9a67ddbe2bf27fb89feb8fa60963289142cabf67b5c265ffe653727dfa2","/orica/orica_004.webp":"cfd07f09502ba37cd6a54af6830b0c4aa28ffbe8aec2bfcdfaf7a5bcbbd4b34f","/orica/sp_002.webp":"45ac55b61b833a84666d9ddfcf56c081350894281e014958be891e8e0a52fbd3","/orica/orica_003.webp":"912cd905afb0cfdf723540c5d11336fdfd00d714e12244c9a74c43fac46236e7","/orica/honpo_003.webp":"3bd89c11c843cc5314d693f42d24dfae0799ee46db59eb7fbe082e047eb6f6b4","/admin/shipping/stats.html":"5bad3e373a1f41227f5632add949e9774e494feee6736c4db5774aec6f05ea32","/orica/orica_007.webp":"83c3410676df733772cb862349ae739df0295f32aaac0be47b58bf04e4f8a749","/admin/shipping/history.html":"62ca42a6f9436cf22b611f4420c7a7748f8120ec2dc3dfb36f5cd41c0b60aa85","/orica/honpo_002.webp":"3bed30a47f7499bbb671b309ca80429b31eff5ebb9a93fcef81941f84af5268d","/orica/honpo_001.webp":"2ae71fcda4df083ed8fdc6f8cac37175c4d74903acbc460b0232edc800d1f74d","/orica/orica_006.webp":"6a5e7e633990a72438356bf0acc001e09daa8bba35e7e5f72a5238ac1cd8cc62","/memories/oripa_001.webp":"1d71d21b3c77bf1518644572a467a024f82f6dd61c8eac028d89f515fec294be","/gacha/osusowake.webp":"1e90eae3929ddd3b452a072e64d6d005ca71230509dd033a3eba676e7ae32b86","/admin/rewards/add.html":"456c46be2a5a8fae171dbd04471ca72c2f90b11ce550da90bfb87eb7e81eb4d8","/admin/quizzes/add.html":"25872e6a92e356b86b1e0278e6c59e6c89bc05de3ee7e1985fd2b801e3dd6d8b","/admin/nibuichi/history.html":"1f3a88878f3fd2265894ce91604dc2a826ef1192c45d3ead290e2c8e8904ebb8","/admin/nibuichi/edit-stats.html":"2be494eb1962d3e9caf1ba4ea645ff04899ecc4b448cc69bbfd4b2b0db208dff","/admin/images/upload.html":"0078c46c0eafda64b69100bc1716c1f0e8067c4e0eb5c95d147f323dffcda41d","/admin/gacha/results.html":"1641d10ea811d2cde119245b9b07d595929b1b608382161abf4cde66701a2ee9","/admin/gacha/manage.html":"5252f9ef0a47f21936834c3accfc623e39686f921ebccd27686ed09d10b314a7","/admin/gacha/list.html":"5c8d774e0492dad2a095ce1a40d2d0a38c2e822dd45e5a2cab24ad9b96c72b3b","/orica/sp_006.webp":"84675b894e8ca0294b5aa336e8f587af0ecc0186260bf985f2b94eb5177118ea","/orica/honpo_004.webp":"849d71d2e7632499aeab5ba7257859a33695e603e87a91e54055bfc5e55987cf","/_next/static/css/302052df29341edb.css":"8dbcfb8a1b91a3e8c280bb037d60fb780723e555aa7b2f79ce4d458d9183de1f","/_next/static/css/217e0358e8dcee4d.css":"e07499a6fc6840483f5facc41166f3a09de012b834bf1f1a9713196649dde712","/_next/static/chunks/webpack-34df364f9e3e3dfe.js":"13f0107e91c7718bc704b3a21fa74b12755070bb6e7a5067623840f594f5104a","/_next/static/css/2c5bc6c75539c1e0.css":"76c9cf3e2a3fb8c6279a03083cacfa4e673dba281a47d8d8f2baae322cd7c354","/whiteMageGirl.webp":"23df89020692a07cebfe579f9d62d3bc3361a3cb99944f523bb2f8a256f430f5","/_next/static/chunks/main-app-875f17ba93d31745.js":"597de6dcaa30d93e7643761285b07c64f2107adc7a1ea0f84e5a7287cdc31e62","/_next/static/chunks/2619-3c9e02e22d10480a.js":"809173b2983a3f293e90233a39e15c222f7ba8d514c9c3bcd74ad84fee04e7a4","/_next/static/chunks/1151-019b42c947ab0625.js":"e73882b8994d52202024ec308d34ff76a4af7cd39c92d94a2b99f79305934a2c","/_next/static/chunks/1356-8ac2296275443024.js":"759a0eae7d80e3ce39aa7bd8c558f0c1278b017677c5f3b7f74174d825eeb057","/_next/static/chunks/pages/_error-94812ad32cad7365.js":"2ed5c617c0fb9cbb7de5307f5745eb4eae7a9aacb3b7cf9acb936ea5b86d6825","/_next/static/chunks/pages/_app-6c8c2371b16a04b8.js":"bc75db4439e1f977f05923d401bb2b634401a101bfcee9afff857d23d53a7d13","/_next/static/chunks/app/page-dd1de8db5104c1c2.js":"1e64867f4327551819f90ff46a0a8624a034a542b478ec4fab0b10ba6d3006e2","/_next/static/chunks/app/layout-c66312b537e9bce0.js":"708e4cdc14488b49fb26c6d5366411f9ed8cae412ffd467b78509304eced06c7","/_next/static/chunks/app/signup/page-f7d622ef55e583a5.js":"f386eea8b0c9bd6ce1ecda6c7eb99c5bde5213357c12c30e65bef14e356f5cf2","/orica/orica_005.webp":"34c2942deaa4130a38c3fa3effc0860d721dfc2cd19423570e542eb98e3c2b0f","/_next/static/chunks/app/reward/page-73bce12a65c487d9.js":"755c024aa64fcf2ea87531b20fd2ed6e6b20756eea2896e22c6686056b9aff33","/header.webp":"c48943e0ed138f185ba4a836c1d6a642c97aefc1692218a0241d7a0f81995a84","/_next/static/chunks/app/reward/complete/page-c37baf48adbfff7b.js":"aaa90ce4c6c5e2a40d17dd2876f52ee770ca9174c514e84f73c86bb5111e65c8","/_next/static/chunks/a36bde72-2de202c7f2b75de2.js":"c065993c2e8215d30275ecc20092e8b0cb8c08f9274395ba93d6da013cb0bcb5","/_next/static/media/IMG_8184.4b3afc60.jpeg":"d66550a5472bf1f3e675b94dec86b219f198ffdc80ebc0e0089543c4819b6a5a","/_next/static/chunks/app/quizzes/page-59917ca26720d6a2.js":"e4190c3a85904bac941e8b7c9765503d78dce0c94377c71e8903e64fe52dd7eb","/_next/static/chunks/polyfills-42372ed130431b0a.js":"bea630d9824beca22855271c757404b58bb7b410c52a5e7d58d69ff26d9ddd0b","/_next/static/chunks/main-f09dc9f7b0ebea8f.js":"55e177919fce562195365583e963e064afc1ef9731b843473b8a48cf6ee777b8","/_next/static/chunks/app/quizzes/ranking/page-bd32f21757ddefb8.js":"891809ffd249087d8f5c26ce91f0f4820c717bb696a0f0fa7730ede441ccc4f5","/_next/static/chunks/app/quizzes/archive/page-90d7b39cd65f4475.js":"767493ad7e031ee1df9fc468899ffc40409a2f5d3138d0f32bc8b9d598d6144b","/_next/static/chunks/app/quizzes/archive/[id]/page-82e3205408d674bf.js":"dbf062bb9fe8770192832ea2a47091d82407ba5064ea10b26b61991c2012860b","/_next/static/chunks/app/quizzes/[id]/page-b908c2d9372768e3.js":"8a183970578fb759af0f26091c05c9b83b63bfbb4b1688c18905207108c724a8","/_next/static/chunks/app/profile/page-05ee250aa60de279.js":"e86f76d08602ea437ba61194b286e98f11d1eb89de93aab9b3f29bc36c32d389","/_next/static/chunks/app/nibuichi/page-e4e2017b19dd5a8b.js":"3061549a6333ba7f55771e78cd2e6fc7e8575fb5fed09d85ab070a880f2e66fd","/_next/static/chunks/app/nibuichi/ranking/page-2573e23b61154463.js":"d79cbfb50dea4d9d9425a2f5d29593abf3d4a04891fe170bac2eea4fd54452f0","/_next/static/media/IMG_8189.6b958dee.jpeg":"b1cb6353ca1fc78245ce96a2135f82ea437dc57a0bb9523f79572530754d4285","/_next/static/chunks/app/nibuichi/guide/page-8029d8dde07019fa.js":"c72554c609050a6ad577d41d06849a72d7c8887f5f2b86d9a2f827b5929c64f8","/_next/static/chunks/app/nibuichi/calendar/page-f0ff4c16e202c8fa.js":"b9868d9d0faef7cfa7f5aabab35ebea7a2fb5bf8dbf206bb5db4d0b9bb87b127","/_next/static/chunks/app/my-reward/page-6923aa60f50be9b5.js":"711b592e337ba973d9dfa3d0d219544a7c4e985a687cf3e47d16bb35b9b0f33e","/_next/static/chunks/app/nibuichi/history/page-b5fc28addb83b710.js":"74b74549cd3239ae06d589ac38f100910eead3d5766267b3bef799a827b05705","/_next/static/chunks/app/login/page-2686532852085942.js":"4775928134f251322e5221131859e9c8c7c27fd44b645ea700f564cc0446c7f0","/_next/static/chunks/app/history/page-b1b1d6de7bf6c882.js":"bb8ab21047d9d2fce2ba86a7fa9f608760cf2e328ab1fd0635ef45e50be294ab","/_next/static/chunks/app/guide/page-69cd0120e42d3001.js":"62b75ac071c24c8d9d6b779ea58dec743413e711965e0d52bc5e7b37e60c687f","/_next/static/chunks/app/gacha/results/page-2ee0850501872e41.js":"4250456273fae256844452da04bf72ab5daf0f55eab17b3df040570dbd7c7bac","/_next/static/chunks/app/gacha/page-6b109ea67fc74d94.js":"5e564214a9a1c1259f8e5e61575bfd96fbbb3aab498bc34c46062a4d7692759b","/_next/static/media/IMG_8173.b760c883.jpeg":"203da6ecbe410c2cf1553a5157a4f98cd1cd9838f5684775b474f3d9b4e328e1","/_next/static/chunks/app/gacha/archive/page-b19c5aaa66e43c09.js":"85867a78e3cf63987d8637b1170d44e2ac6e46ad2bdb9a57cbf3bbbcc1ce25ac","/_next/static/chunks/app/gacha/list/page-d62984e11c59fb16.js":"a86b57d0896bafb6b63de72159c057bc73bfecf58444bda284329daadd315117","/_next/static/chunks/4bd1b696-f785427dddbba9fb.js":"e63ab7ba8703c6925374814aa67f945203bbcf18c4007d44cef61aa38a15c777","/_next/static/chunks/framework-e60c938074ff7136.js":"244c786f2a8a8a5139187ccf04acb638939a10905ba98971954170cd777fc4a5","/_next/static/chunks/1255-5c680abb9db89955.js":"80de3ed4bd32cf6c3d381cbfeec7a2b1fd8fd40ea721ee0b3a0a9ec0cdcf9dda","/_next/static/chunks/8949-4c8a4571fd20e44f.js":"56b7def9487112ddac4b99549506fafec64fe89439ccb03144114326409630f3","/_next/static/chunks/1770a7a7-bb7e4349ef3d8bef.js":"b075bd8d8231eeda31aa7141f5cbcfc45dacac88849795b3651999866eb462ff","/_next/static/chunks/app/gacha/[code]/page-c439c9a317d240a7.js":"09b24deeaae2bea8898f577a238871af44a3e5b745ae1b007d8c9bbc4a2d6b89","/_next/static/chunks/app/code/page-6d28d6fd09125e03.js":"e4561e011d167609c69be487708b67df37071de85ef068cc8ef6082cfbab6f7d","/_next/static/chunks/app/archive/page-43cdb4b7d36a5954.js":"452241f953e3dbd9025c15c65ba95915f2aaf7d1855bcf8ea596c12a259da26e","/_next/static/chunks/app/archive/osusowake/page-78070fa18607873d.js":"fbf6db7b83d3fb9a03b712d54148e422a4567bf34c194b814b79fc0450438add","/_next/static/chunks/app/archive/orica/page-fbbdc6c1a49d20b2.js":"1b2a45199865ec3ac1e616d72b2e18e58927d7a25a9b7ada1158ceff6d85768c","/_next/static/chunks/app/archive/memories/page-874f430dab0eeaf1.js":"bf784e1c51d7d639f06b6ea5d10e33422cd1d005c0a1047e15aa2edbc5b6a28b","/_next/static/chunks/app/api/rewards-images/route-43cdb4b7d36a5954.js":"452241f953e3dbd9025c15c65ba95915f2aaf7d1855bcf8ea596c12a259da26e","/_next/static/chunks/app/api/memories-images/route-43cdb4b7d36a5954.js":"452241f953e3dbd9025c15c65ba95915f2aaf7d1855bcf8ea596c12a259da26e","/_next/static/chunks/app/admin/layout-5311a7996a75d37e.js":"d9fc1d287b855caf8e61afd52f685550d59620cf219e0e5a77febd0be0e503bb","/_next/static/chunks/app/admin/page-644f06931c148ad4.js":"d876e1cc2f842312332e228a3969ce817bd074787e7290cafc660123c798fc37","/_next/static/chunks/app/admin/valid-codes/page-fc7934bbff236e0e.js":"fadff87fcb019ded27dd71fed7a86283919a7c1acfd3e91c61715e4ad8a71ae7","/_next/static/chunks/app/admin/users/[uid]/page-5d9a197dc7a73d7a.js":"b63d8d239331004012b95a1c73fdbcf169916157738c1bde0fed1379ea02e7a5","/_next/static/chunks/app/admin/users/page-5aedc3261b2ee6d4.js":"e8f914007ab9ebfd6428c8d42cdddf045641e325acafbe483913b9c73c392339","/_next/static/chunks/app/admin/shipping/stats/page-02b203e4103b96b3.js":"939590aae182e82a016c42a04c1cdb125533970ef7a98feedfd155c3885426f2","/_next/static/chunks/app/admin/shipping/page-12f211fdff2fa37c.js":"7e61797e4be0f0d4e8ef03d3bace4b3587a8191c4ea5b432a08e75ce2f5a95a8","/_next/static/chunks/app/admin/shipping/history/page-3899ba0967c8c4a2.js":"b53b9fa3e44c31f07add3f75dd8b8e9964979492194a2f86b0d8f2039f8603c7","/_next/static/chunks/app/admin/rewards/page-0941d7243d460909.js":"96ddad3ad9868ec9b8f935ca7639e8394529f9edfd142a2fc3d35ee841451764","/_next/static/chunks/app/admin/rewards/edit/[id]/page-75b2a7656ecd12d9.js":"3610e4329d40a98697bb7eda3396af784c7c07aa1cdfd9570fb5396a19b410b2","/_next/static/chunks/app/admin/rewards/add/page-bc32c69bb138b2ae.js":"ed3e63f0a0232315c1c7e6750ebe276bcb3780deac7239e8de72071b37b17bda","/_next/static/chunks/app/admin/quizzes/page-0d12b740b7c6b750.js":"ae3cf4e71d2100ef9e5c92856abff1b974e27939deaaebc304fd3000997a3b34","/_next/static/chunks/app/admin/quizzes/edit/[id]/page-847ab98b42a307bc.js":"3a1d387f3556d30a3cc217fd58aeb6a0cff67a33aa9023c97d8f78f22a8ab75c","/_next/static/media/IMG_8177.756b8aa1.jpeg":"8b68f2e9030c6d5589d54e45fc8df7d054364bfb1fa3f2e30bb79da711fea640","/_next/static/chunks/app/admin/quizzes/add/page-80a3413e374b288c.js":"2f55b240d9e75f2ce6a74cd6223c4db985bbdd0c9b7381c4aca7ab40a04d9d4e","/_next/static/chunks/app/admin/nibuichi/page-d7191048a551d4f1.js":"89ff6e6d7cbe49133239663297cf44d319f024002c2389ec0f01b801ca208295","/_next/static/chunks/app/admin/nibuichi/history/page-67f56c5b93bba284.js":"827359dcee03ea63fe3dd437af8995fc9e0fa6e43549db1eb635c44673dd4680","/_next/static/chunks/app/admin/nibuichi/edit-stats/page-75d50324f484d58d.js":"f61a7a0f4dc8493f8ae095ed308724b541734529165a4440ca701bf6afa2ffb8","/_next/static/chunks/app/admin/login/page-e82f1531d7bad69e.js":"6680dd7e1d15491367209fb860135080a77a92f3fc45de0d49f66fdfb285cdcb","/_next/static/chunks/app/admin/images/page-ef7160042a77882f.js":"4f1e1d5d6c57844d5b386be6b35f46b5a87a824a26b28151280106d90d8969b6","/_next/static/chunks/app/admin/images/[id]/page-3b86763d9ada4d75.js":"eea133aeec795995b8f04dc580fc16c83206a10c754dce3814e436a2f8b84e8c","/_next/static/chunks/app/admin/images/upload/page-05b1dd7dd58d1c54.js":"25f2c2067f5df0793a6db3f9cbaee1a8aea93e2ba126557a1b023d3a160488db","/_next/static/chunks/app/admin/history/page-2a2fecd6c697f40b.js":"635b1452697e1c0af6e30a44085c64b137cf1b585efc1508ae7143417afd4878","/_next/static/chunks/app/admin/gacha/page-ffcea7753f3968f4.js":"6415ca19a65c02764d36420dfd49069ca4b67c3ae237f4cf7a0594ba0140ae84","/_next/static/chunks/app/admin/gacha/results/page-24681e5d2f551ffd.js":"70ac3c762a5b6a9d364fd0e6b6ef1017a067bb511e65991b1a97ae17166fb14a","/_next/static/chunks/app/admin/gacha/manage/page-ea533783976d77c7.js":"3d06a4eb14148f95cf9a9d64692a0941cde3bf994290150d18101e895dd6651a","/_next/static/chunks/app/admin/gacha/list/page-415e25242157cdfe.js":"fd459b47da5eaabddabf19955475e3b9949b6d5cc9c5ddbb4cd5e2adb7134cb9","/_next/static/chunks/app/admin/create-code/page-01792191f41a1b00.js":"13891d1e029690f40adf289c66a5d5ca245befdd38951612ab9fc9693271861a","/_next/static/chunks/cc44e60b-c8599e201d8a79d5.js":"de6842185d9015b75a479634e9020d8a48cbaa9e61b73c632e5c9b027fad79e4","/_next/static/chunks/app/admin/codes/page-5eb4fad5f36ab117.js":"dae431bb94ab259635d796402dcfafd02a7045ebcf544aa69bb343a5bb99c492","/_next/static/chunks/app/admin/codes/[code]/page-be8401f58a59f882.js":"5e341428602f0a3b11bf257796e1b366d3996aa14c1b16ea7007e06e4c344bd8","/_next/static/chunks/app/_not-found/page-6296695d0ad59af7.js":"e2f75eb16001895c770b32a6dfbf2d70e0ecdee724536eb43f45da705adf1c30","/_next/static/Utn-GoF8AzwUDdBmCjSZR/_ssgManifest.js":"02dbc1aeab6ef0a6ff2ff9a1643158cf9bb38929945eaa343a3627dee9ba6778","/_next/static/media/IMG_8179.96a424e6.jpeg":"1a4fadeb75beaf9f8e73f912b476133d556dd2833094c05609a1d41c0bc8d61e","/_next/static/media/IMG_8188.2ad471d4.jpeg":"ba20b59576abeeabf05c4210d6859a30a37a3cdc21f54d02db4d1a28ba9a7b70","/_next/static/Utn-GoF8AzwUDdBmCjSZR/_buildManifest.js":"ae2904a4deea9a6664a10b39486e4837efa79674fc3e1f37f732c7bdd35a4783","/_next/static/media/IMG_8180.cae37d5c.jpeg":"6c60af85c425ab22196e3579b3f6800b5bf49602d0f97e407bf7b690fa24a381","/_next/static/media/IMG_8183.2b7dd920.jpeg":"86ef3a13c0eaa04a65c63f43755ef0e2064b3770f1cead14142abe87ea6f2428","/_next/static/media/IMG_8182.50bc24df.jpeg":"ec263b702eafb609219c5b4aca3d2bf137c0f818e913afc7726fb77457e8ecf3","/_next/static/media/IMG_8185.146226e5.jpeg":"1538d72ba91a0f453937c2979253df7af191612b19401a2a510fb3e488bbd129","/_next/static/media/IMG_8181.e6aec601.jpeg":"9977b4a5ef222749232dd9e81a319a8c86bb3bf097dfac1aca983a4726bdb765","/memories/sp_001.webp":"a90aa3cc6bae44b5e534fbcfa7ec9a2077eacc6a7bdb62b002681ec6cac0a1b0","/_next/static/media/IMG_8178.e54d619f.jpeg":"d32022ee50da0a10b21c949a671d228237654ca74e82573ee6f9c5eb1ec2f982","/_next/static/media/IMG_8174.31ea2a11.jpeg":"1fd14e89f60669b7395b8cdac6884a2c9d76fe28bc3bec99463cb9b267ee46ff","/_next/static/media/IMG_8187.6e0e65e0.jpeg":"5349f6753b1cbf707394c732955c86e53d20794ce5a201adbb7ac3a8dacf3ae7","/_next/static/media/IMG_8175.e0a72b2e.png":"e9b8a1b213479f8c398cf7f10d53fc2187bac8967b47513948a6b44f5c53db7e","/icon-192.png":"6791caaed4d7290d229387a1146448548968470f2b449c5e59379de3eaa12e5f","/icon-512.png":"6791caaed4d7290d229387a1146448548968470f2b449c5e59379de3eaa12e5f","/apple-touch-icon.png":"6791caaed4d7290d229387a1146448548968470f2b449c5e59379de3eaa12e5f","/gacha/win.gif":"b5b5d3321cff660a78513b8482fb99485dba17bf3e4c97d7e377ad2fc450f193","/gacha/lose.gif":"86827334e818db4fcf674df62a5db879f5002022a3c6a9c9a5367b0a1e5d2f67","/archive/osusowake/yumetsuki100Anniv.mp4":"343f4d3849b23936a72bd7db69c157d9ed9b4f414338f397734399a22d0cf1da"}}
[debug] [2026-09-05T06:43:41.749Z] <<< [apiv2][status] POST https://firebasehosting.googleapis.com/v1beta1/projects/892402029397/sites/point-app-1f854/versions/65bf3ce175d433d2:populateFiles 200
[debug] [2026-09-05T06:43:41.749Z] <<< [apiv2][body] POST https://firebasehosting.googleapis.com/v1beta1/projects/892402029397/sites/point-app-1f854/versions/65bf3ce175d433d2:populateFiles {"uploadRequiredHashes":["1061aa1179dc9f4679185f362ff436f4daf5bd9ea1b920eff7ec3390ef40e45d","872fd895a0de004cf8c19516e28e335a70d4178bd5fb67a06986e37652cb6815","62ca42a6f9436cf22b611f4420c7a7748f8120ec2dc3dfb36f5cd41c0b60aa85","49299200c146c0a04d9fa96f08427fb413a84eb6d995e66fe6f723063e902df7","0a37a9f944c9d023e85459de71dfc93e60f399827d82e15d637fd612e7673749","5c8d774e0492dad2a095ce1a40d2d0a38c2e822dd45e5a2cab24ad9b96c72b3b","ec9f92d4b5fb2ef50a4959496dd12f407944fc44e48b0dc138200968664f6874","057501919a8a3af8afef05c62545cbc483b36e3aa498c3605ca02d40bb95f34d","9cf0af2327a8a4e4f693953e615a4caa5052a5dcac2886fbf824746b9dcfa5ce","b334c44f8a3d0134cf73aaca3ceff1e84c4385bce772acde036a1a31897ad443","5252f9ef0a47f21936834c3accfc623e39686f921ebccd27686ed09d10b314a7","430dce6c65a9d5aae4f4d6ecf4a3322659bb4c8d86987e9edd0b7d069ee42815","397b2d0595f78ae53b8591f9f6e0627c1145baa31fcedc59cbd11cbafbfeb9b7","3b71ef08539162139265819ca4757f6c935d77d21d6bbf1e642e09f4c221e342","8bed4fd56f77929ba910fc403597627b80ec18ceb561affcf44ead4643753a14","b2738dc9a000f56f2b5c286fe20c026566cea2b13abf1a82137c8de2fd2e8afe","b6400caf8492c3d0068f8ed73bbffd8f85c9905504e048b93e6af891a37656f3","b300ff9a6c073dd25a818f9779828a218ea09a15afa24c9dccc8055fa2c25ce1","1641d10ea811d2cde119245b9b07d595929b1b608382161abf4cde66701a2ee9","73c89bd7a71ab87d108ef89b1b7a20ab0f10b8c4b9a2e57df142e18b769abfa1","257a600ba175eb320989af020e6df5cb2cecc4c024a10b573192374674739866","25872e6a92e356b86b1e0278e6c59e6c89bc05de3ee7e1985fd2b801e3dd6d8b","157a31519c7dda5e24792aafb2f7e8f013d17f48871809dfb77cfef9797b8fe4","1f3a88878f3fd2265894ce91604dc2a826ef1192c45d3ead290e2c8e8904ebb8","5bad3e373a1f41227f5632add949e9774e494feee6736c4db5774aec6f05ea32","2be494eb1962d3e9caf1ba4ea645ff04899ecc4b448cc69bbfd4b2b0db208dff","d721231534674e0e4b84baf2fd57a2111870785a7e20de7a0ecca0acc73cd26a","55ab23aaa3683a4f8bbe8e8a0788276768606babccf5a03082992944d4ee5364","0ff49277ae9eb3d8b8649ed3f005cc194fe279b96026034fee772a1757dababc","53d3c9a67ddbe2bf27fb89feb8fa60963289142cabf67b5c265ffe653727dfa2","3744e818e24c4c298ee85377a3c758eafcd3eebd217373fcae46564d86a1c62d","456c46be2a5a8fae171dbd04471ca72c2f90b11ce550da90bfb87eb7e81eb4d8","80b8df85bde4c9e8cf3ee534a05d586c1a8fd7a77b72f4ee3410536f31f761fe","b7b252f4568bf3411084c3fde5dd9903831cb14a8bf5324fd0068e16b4ee50f9","5aa68bc4127942bbd826175552ac3db65a4318a2b0da5d0b7ee2825761b91e78","2763bfe9232a6b41b8bb3cb658a79500a233a2373dd32c639e9980a5a086614d","0078c46c0eafda64b69100bc1716c1f0e8067c4e0eb5c95d147f323dffcda41d","3e2ca1b6132b2593bb41593819b57bc2b39fa1fe853c30146a12e59fb5570778","89ff6e6d7cbe49133239663297cf44d319f024002c2389ec0f01b801ca208295","3237f28117979c0fb33c1ed07305150c9ce9d7db294932c469955bc6e8a2ecb5","70ac3c762a5b6a9d364fd0e6b6ef1017a067bb511e65991b1a97ae17166fb14a","4772a2fb19286eee2e4c19d2cf06b9d661c2aeae0991c58c0e7ee915803e2f21","e0aae45f67ac5c8c2aedab7e5ef2c558ae3cfce47ac23d5f374f6e21764b4726","0e53c1f148538b06d9e707f93ad80e64ba08433e79f7ab1ddf72fe5a7647b44b","186817c1393c7fca11d06b718ac277d85c9f091ae0cf25417548f35b6ed33774","4ac7ebcf43ee77ad041a3be634cbf4e818b957240e6802a433a1f98959337514","0383d1ac657f2821dabb85a6716b6d3494c17c77edd921cdaee1ec5f5cd08ab4","1f4e7dc11f6df42c7cb42de289bfa552fcbf4166d2b21ecd9fa47c0f7b564579","e466dfe437626218da249c50785b1f67f9131e386a7daea58fe20f54c6b6e859","870519c22b27459df6ff4e164edbb6b88f281245acfb007cecd344a7ff7e7077","5a092d65db1df429934c97b30fb68818e506659941aa9a13bcdd3ff8a5966637","a2de84b0945823e28d88ad72881916bcd3da03c8308581711239b752315ee89f"],"uploadUrl":"https://upload-firebasehosting.googleapis.com/upload/sites/point-app-1f854/versions/65bf3ce175d433d2/files"}
[debug] [2026-09-05T06:43:41.750Z] Checked if tokens are valid: true, expires at: 1788592109661
[debug] [2026-09-05T06:43:41.750Z] Checked if tokens are valid: true, expires at: 1788592109661
[debug] [2026-09-05T06:43:41.750Z] Checked if tokens are valid: true, expires at: 1788592109661
[debug] [2026-09-05T06:43:41.750Z] Checked if tokens are valid: true, expires at: 1788592109661
[debug] [2026-09-05T06:43:41.750Z] Checked if tokens are valid: true, expires at: 1788592109661
[debug] [2026-09-05T06:43:41.750Z] Checked if tokens are valid: true, expires at: 1788592109661
[debug] [2026-09-05T06:43:41.750Z] Checked if tokens are valid: true, expires at: 1788592109661
[debug] [2026-09-05T06:43:41.750Z] Checked if tokens are valid: true, expires at: 1788592109661
[debug] [2026-09-05T06:43:41.751Z] Checked if tokens are valid: true, expires at: 1788592109661
[debug] [2026-09-05T06:43:41.751Z] Checked if tokens are valid: true, expires at: 1788592109661
[debug] [2026-09-05T06:43:41.751Z] Checked if tokens are valid: true, expires at: 1788592109661
[debug] [2026-09-05T06:43:41.751Z] Checked if tokens are valid: true, expires at: 1788592109661
[debug] [2026-09-05T06:43:41.751Z] Checked if tokens are valid: true, expires at: 1788592109661
[debug] [2026-09-05T06:43:41.751Z] Checked if tokens are valid: true, expires at: 1788592109661
[debug] [2026-09-05T06:43:41.751Z] Checked if tokens are valid: true, expires at: 1788592109661
[debug] [2026-09-05T06:43:41.751Z] Checked if tokens are valid: true, expires at: 1788592109661
[debug] [2026-09-05T06:43:41.751Z] Checked if tokens are valid: true, expires at: 1788592109661
[debug] [2026-09-05T06:43:41.751Z] Checked if tokens are valid: true, expires at: 1788592109661
[debug] [2026-09-05T06:43:41.751Z] Checked if tokens are valid: true, expires at: 1788592109661
[debug] [2026-09-05T06:43:41.751Z] Checked if tokens are valid: true, expires at: 1788592109661
[debug] [2026-09-05T06:43:41.751Z] Checked if tokens are valid: true, expires at: 1788592109661
[debug] [2026-09-05T06:43:41.751Z] Checked if tokens are valid: true, expires at: 1788592109661
[debug] [2026-09-05T06:43:41.751Z] Checked if tokens are valid: true, expires at: 1788592109661
[debug] [2026-09-05T06:43:41.751Z] Checked if tokens are valid: true, expires at: 1788592109661
[debug] [2026-09-05T06:43:41.751Z] Checked if tokens are valid: true, expires at: 1788592109661
[debug] [2026-09-05T06:43:41.751Z] Checked if tokens are valid: true, expires at: 1788592109661
[debug] [2026-09-05T06:43:41.751Z] Checked if tokens are valid: true, expires at: 1788592109661
[debug] [2026-09-05T06:43:41.751Z] Checked if tokens are valid: true, expires at: 1788592109661
[debug] [2026-09-05T06:43:41.751Z] Checked if tokens are valid: true, expires at: 1788592109661
[debug] [2026-09-05T06:43:41.751Z] Checked if tokens are valid: true, expires at: 1788592109661
[debug] [2026-09-05T06:43:41.751Z] Checked if tokens are valid: true, expires at: 1788592109661
[debug] [2026-09-05T06:43:41.751Z] Checked if tokens are valid: true, expires at: 1788592109661
[debug] [2026-09-05T06:43:41.752Z] Checked if tokens are valid: true, expires at: 1788592109661
[debug] [2026-09-05T06:43:41.752Z] Checked if tokens are valid: true, expires at: 1788592109661
[debug] [2026-09-05T06:43:41.752Z] Checked if tokens are valid: true, expires at: 1788592109661
[debug] [2026-09-05T06:43:41.752Z] Checked if tokens are valid: true, expires at: 1788592109661
[debug] [2026-09-05T06:43:41.752Z] Checked if tokens are valid: true, expires at: 1788592109661
[debug] [2026-09-05T06:43:41.752Z] Checked if tokens are valid: true, expires at: 1788592109661
[debug] [2026-09-05T06:43:41.752Z] Checked if tokens are valid: true, expires at: 1788592109661
[debug] [2026-09-05T06:43:41.752Z] Checked if tokens are valid: true, expires at: 1788592109661
[debug] [2026-09-05T06:43:41.752Z] Checked if tokens are valid: true, expires at: 1788592109661
[debug] [2026-09-05T06:43:41.752Z] Checked if tokens are valid: true, expires at: 1788592109661
[debug] [2026-09-05T06:43:41.752Z] Checked if tokens are valid: true, expires at: 1788592109661
[debug] [2026-09-05T06:43:41.752Z] Checked if tokens are valid: true, expires at: 1788592109661
[debug] [2026-09-05T06:43:41.752Z] Checked if tokens are valid: true, expires at: 1788592109661
[debug] [2026-09-05T06:43:41.752Z] Checked if tokens are valid: true, expires at: 1788592109661
[debug] [2026-09-05T06:43:41.752Z] Checked if tokens are valid: true, expires at: 1788592109661
[debug] [2026-09-05T06:43:41.752Z] Checked if tokens are valid: true, expires at: 1788592109661
[debug] [2026-09-05T06:43:41.753Z] Checked if tokens are valid: true, expires at: 1788592109661
[debug] [2026-09-05T06:43:41.753Z] Checked if tokens are valid: true, expires at: 1788592109661
[debug] [2026-09-05T06:43:41.753Z] Checked if tokens are valid: true, expires at: 1788592109661
[debug] [2026-09-05T06:43:41.753Z] Checked if tokens are valid: true, expires at: 1788592109661
[debug] [2026-09-05T06:43:41.753Z] Checked if tokens are valid: true, expires at: 1788592109661
[debug] [2026-09-05T06:43:41.753Z] Checked if tokens are valid: true, expires at: 1788592109661
[debug] [2026-09-05T06:43:41.753Z] Checked if tokens are valid: true, expires at: 1788592109661
[debug] [2026-09-05T06:43:41.753Z] Checked if tokens are valid: true, expires at: 1788592109661
[debug] [2026-09-05T06:43:41.753Z] Checked if tokens are valid: true, expires at: 1788592109661
[debug] [2026-09-05T06:43:41.753Z] Checked if tokens are valid: true, expires at: 1788592109661
[debug] [2026-09-05T06:43:41.753Z] Checked if tokens are valid: true, expires at: 1788592109661
[debug] [2026-09-05T06:43:41.753Z] Checked if tokens are valid: true, expires at: 1788592109661
[debug] [2026-09-05T06:43:41.753Z] Checked if tokens are valid: true, expires at: 1788592109661
[debug] [2026-09-05T06:43:41.753Z] Checked if tokens are valid: true, expires at: 1788592109661
[debug] [2026-09-05T06:43:41.753Z] Checked if tokens are valid: true, expires at: 1788592109661
[debug] [2026-09-05T06:43:41.753Z] Checked if tokens are valid: true, expires at: 1788592109661
[debug] [2026-09-05T06:43:41.753Z] Checked if tokens are valid: true, expires at: 1788592109661
[debug] [2026-09-05T06:43:41.753Z] Checked if tokens are valid: true, expires at: 1788592109661
[debug] [2026-09-05T06:43:41.753Z] Checked if tokens are valid: true, expires at: 1788592109661
[debug] [2026-09-05T06:43:41.753Z] Checked if tokens are valid: true, expires at: 1788592109661
[debug] [2026-09-05T06:43:41.753Z] Checked if tokens are valid: true, expires at: 1788592109661
[debug] [2026-09-05T06:43:41.753Z] Checked if tokens are valid: true, expires at: 1788592109661
[debug] [2026-09-05T06:43:41.753Z] Checked if tokens are valid: true, expires at: 1788592109661
[debug] [2026-09-05T06:43:41.753Z] Checked if tokens are valid: true, expires at: 1788592109661
[debug] [2026-09-05T06:43:41.753Z] Checked if tokens are valid: true, expires at: 1788592109661
[debug] [2026-09-05T06:43:41.753Z] Checked if tokens are valid: true, expires at: 1788592109661
[debug] [2026-09-05T06:43:41.754Z] Checked if tokens are valid: true, expires at: 1788592109661
[debug] [2026-09-05T06:43:41.754Z] Checked if tokens are valid: true, expires at: 1788592109661
[debug] [2026-09-05T06:43:41.754Z] Checked if tokens are valid: true, expires at: 1788592109661
[debug] [2026-09-05T06:43:41.754Z] Checked if tokens are valid: true, expires at: 1788592109661
[debug] [2026-09-05T06:43:41.754Z] Checked if tokens are valid: true, expires at: 1788592109661
[debug] [2026-09-05T06:43:41.754Z] Checked if tokens are valid: true, expires at: 1788592109661
[debug] [2026-09-05T06:43:41.754Z] Checked if tokens are valid: true, expires at: 1788592109661
[debug] [2026-09-05T06:43:41.754Z] Checked if tokens are valid: true, expires at: 1788592109661
[debug] [2026-09-05T06:43:41.754Z] Checked if tokens are valid: true, expires at: 1788592109661
[debug] [2026-09-05T06:43:41.754Z] Checked if tokens are valid: true, expires at: 1788592109661
[debug] [2026-09-05T06:43:41.754Z] Checked if tokens are valid: true, expires at: 1788592109661
[debug] [2026-09-05T06:43:41.754Z] Checked if tokens are valid: true, expires at: 1788592109661
[debug] [2026-09-05T06:43:41.754Z] Checked if tokens are valid: true, expires at: 1788592109661
[debug] [2026-09-05T06:43:41.754Z] Checked if tokens are valid: true, expires at: 1788592109661
[debug] [2026-09-05T06:43:41.754Z] Checked if tokens are valid: true, expires at: 1788592109661
[debug] [2026-09-05T06:43:41.754Z] Checked if tokens are valid: true, expires at: 1788592109661
[debug] [2026-09-05T06:43:41.754Z] Checked if tokens are valid: true, expires at: 1788592109661
[debug] [2026-09-05T06:43:41.754Z] Checked if tokens are valid: true, expires at: 1788592109661
[debug] [2026-09-05T06:43:41.754Z] Checked if tokens are valid: true, expires at: 1788592109661
[debug] [2026-09-05T06:43:41.754Z] Checked if tokens are valid: true, expires at: 1788592109661
[debug] [2026-09-05T06:43:41.755Z] Checked if tokens are valid: true, expires at: 1788592109661
[debug] [2026-09-05T06:43:41.755Z] Checked if tokens are valid: true, expires at: 1788592109661
[debug] [2026-09-05T06:43:41.755Z] Checked if tokens are valid: true, expires at: 1788592109661
[debug] [2026-09-05T06:43:41.755Z] Checked if tokens are valid: true, expires at: 1788592109661
[debug] [2026-09-05T06:43:41.755Z] Checked if tokens are valid: true, expires at: 1788592109661
[debug] [2026-09-05T06:43:41.755Z] Checked if tokens are valid: true, expires at: 1788592109661
[debug] [2026-09-05T06:43:41.755Z] Checked if tokens are valid: true, expires at: 1788592109661
[debug] [2026-09-05T06:43:41.755Z] Checked if tokens are valid: true, expires at: 1788592109661
[debug] [2026-09-05T06:43:41.755Z] Checked if tokens are valid: true, expires at: 1788592109661
[debug] [2026-09-05T06:43:41.755Z] Checked if tokens are valid: true, expires at: 1788592109661
[debug] [2026-09-05T06:43:41.755Z] >>> [apiv2][query] POST https://upload-firebasehosting.googleapis.com/upload/sites/point-app-1f854/versions/65bf3ce175d433d2/files/1061aa1179dc9f4679185f362ff436f4daf5bd9ea1b920eff7ec3390ef40e45d [none]
[debug] [2026-09-05T06:43:41.755Z] >>> [apiv2][body] POST https://upload-firebasehosting.googleapis.com/upload/sites/point-app-1f854/versions/65bf3ce175d433d2/files/1061aa1179dc9f4679185f362ff436f4daf5bd9ea1b920eff7ec3390ef40e45d [stream]
[debug] [2026-09-05T06:43:41.757Z] >>> [apiv2][query] POST https://upload-firebasehosting.googleapis.com/upload/sites/point-app-1f854/versions/65bf3ce175d433d2/files/872fd895a0de004cf8c19516e28e335a70d4178bd5fb67a06986e37652cb6815 [none]
[debug] [2026-09-05T06:43:41.757Z] >>> [apiv2][body] POST https://upload-firebasehosting.googleapis.com/upload/sites/point-app-1f854/versions/65bf3ce175d433d2/files/872fd895a0de004cf8c19516e28e335a70d4178bd5fb67a06986e37652cb6815 [stream]
[debug] [2026-09-05T06:43:41.758Z] >>> [apiv2][query] POST https://upload-firebasehosting.googleapis.com/upload/sites/point-app-1f854/versions/65bf3ce175d433d2/files/62ca42a6f9436cf22b611f4420c7a7748f8120ec2dc3dfb36f5cd41c0b60aa85 [none]
[debug] [2026-09-05T06:43:41.758Z] >>> [apiv2][body] POST https://upload-firebasehosting.googleapis.com/upload/sites/point-app-1f854/versions/65bf3ce175d433d2/files/62ca42a6f9436cf22b611f4420c7a7748f8120ec2dc3dfb36f5cd41c0b60aa85 [stream]
[debug] [2026-09-05T06:43:41.759Z] >>> [apiv2][query] POST https://upload-firebasehosting.googleapis.com/upload/sites/point-app-1f854/versions/65bf3ce175d433d2/files/49299200c146c0a04d9fa96f08427fb413a84eb6d995e66fe6f723063e902df7 [none]
[debug] [2026-09-05T06:43:41.759Z] >>> [apiv2][body] POST https://upload-firebasehosting.googleapis.com/upload/sites/point-app-1f854/versions/65bf3ce175d433d2/files/49299200c146c0a04d9fa96f08427fb413a84eb6d995e66fe6f723063e902df7 [stream]
[debug] [2026-09-05T06:43:41.759Z] >>> [apiv2][query] POST https://upload-firebasehosting.googleapis.com/upload/sites/point-app-1f854/versions/65bf3ce175d433d2/files/0a37a9f944c9d023e85459de71dfc93e60f399827d82e15d637fd612e7673749 [none]
[debug] [2026-09-05T06:43:41.759Z] >>> [apiv2][body] POST https://upload-firebasehosting.googleapis.com/upload/sites/point-app-1f854/versions/65bf3ce175d433d2/files/0a37a9f944c9d023e85459de71dfc93e60f399827d82e15d637fd612e7673749 [stream]
[debug] [2026-09-05T06:43:41.760Z] >>> [apiv2][query] POST https://upload-firebasehosting.googleapis.com/upload/sites/point-app-1f854/versions/65bf3ce175d433d2/files/5c8d774e0492dad2a095ce1a40d2d0a38c2e822dd45e5a2cab24ad9b96c72b3b [none]
[debug] [2026-09-05T06:43:41.760Z] >>> [apiv2][body] POST https://upload-firebasehosting.googleapis.com/upload/sites/point-app-1f854/versions/65bf3ce175d433d2/files/5c8d774e0492dad2a095ce1a40d2d0a38c2e822dd45e5a2cab24ad9b96c72b3b [stream]
[debug] [2026-09-05T06:43:41.761Z] >>> [apiv2][query] POST https://upload-firebasehosting.googleapis.com/upload/sites/point-app-1f854/versions/65bf3ce175d433d2/files/ec9f92d4b5fb2ef50a4959496dd12f407944fc44e48b0dc138200968664f6874 [none]
[debug] [2026-09-05T06:43:41.761Z] >>> [apiv2][body] POST https://upload-firebasehosting.googleapis.com/upload/sites/point-app-1f854/versions/65bf3ce175d433d2/files/ec9f92d4b5fb2ef50a4959496dd12f407944fc44e48b0dc138200968664f6874 [stream]
[debug] [2026-09-05T06:43:41.761Z] >>> [apiv2][query] POST https://upload-firebasehosting.googleapis.com/upload/sites/point-app-1f854/versions/65bf3ce175d433d2/files/057501919a8a3af8afef05c62545cbc483b36e3aa498c3605ca02d40bb95f34d [none]
[debug] [2026-09-05T06:43:41.761Z] >>> [apiv2][body] POST https://upload-firebasehosting.googleapis.com/upload/sites/point-app-1f854/versions/65bf3ce175d433d2/files/057501919a8a3af8afef05c62545cbc483b36e3aa498c3605ca02d40bb95f34d [stream]
[debug] [2026-09-05T06:43:41.762Z] >>> [apiv2][query] POST https://upload-firebasehosting.googleapis.com/upload/sites/point-app-1f854/versions/65bf3ce175d433d2/files/9cf0af2327a8a4e4f693953e615a4caa5052a5dcac2886fbf824746b9dcfa5ce [none]
[debug] [2026-09-05T06:43:41.762Z] >>> [apiv2][body] POST https://upload-firebasehosting.googleapis.com/upload/sites/point-app-1f854/versions/65bf3ce175d433d2/files/9cf0af2327a8a4e4f693953e615a4caa5052a5dcac2886fbf824746b9dcfa5ce [stream]
[debug] [2026-09-05T06:43:41.762Z] >>> [apiv2][query] POST https://upload-firebasehosting.googleapis.com/upload/sites/point-app-1f854/versions/65bf3ce175d433d2/files/b334c44f8a3d0134cf73aaca3ceff1e84c4385bce772acde036a1a31897ad443 [none]
[debug] [2026-09-05T06:43:41.762Z] >>> [apiv2][body] POST https://upload-firebasehosting.googleapis.com/upload/sites/point-app-1f854/versions/65bf3ce175d433d2/files/b334c44f8a3d0134cf73aaca3ceff1e84c4385bce772acde036a1a31897ad443 [stream]
[debug] [2026-09-05T06:43:41.763Z] >>> [apiv2][query] POST https://upload-firebasehosting.googleapis.com/upload/sites/point-app-1f854/versions/65bf3ce175d433d2/files/5252f9ef0a47f21936834c3accfc623e39686f921ebccd27686ed09d10b314a7 [none]
[debug] [2026-09-05T06:43:41.763Z] >>> [apiv2][body] POST https://upload-firebasehosting.googleapis.com/upload/sites/point-app-1f854/versions/65bf3ce175d433d2/files/5252f9ef0a47f21936834c3accfc623e39686f921ebccd27686ed09d10b314a7 [stream]
[debug] [2026-09-05T06:43:41.764Z] >>> [apiv2][query] POST https://upload-firebasehosting.googleapis.com/upload/sites/point-app-1f854/versions/65bf3ce175d433d2/files/430dce6c65a9d5aae4f4d6ecf4a3322659bb4c8d86987e9edd0b7d069ee42815 [none]
[debug] [2026-09-05T06:43:41.764Z] >>> [apiv2][body] POST https://upload-firebasehosting.googleapis.com/upload/sites/point-app-1f854/versions/65bf3ce175d433d2/files/430dce6c65a9d5aae4f4d6ecf4a3322659bb4c8d86987e9edd0b7d069ee42815 [stream]
[debug] [2026-09-05T06:43:41.765Z] >>> [apiv2][query] POST https://upload-firebasehosting.googleapis.com/upload/sites/point-app-1f854/versions/65bf3ce175d433d2/files/397b2d0595f78ae53b8591f9f6e0627c1145baa31fcedc59cbd11cbafbfeb9b7 [none]
[debug] [2026-09-05T06:43:41.765Z] >>> [apiv2][body] POST https://upload-firebasehosting.googleapis.com/upload/sites/point-app-1f854/versions/65bf3ce175d433d2/files/397b2d0595f78ae53b8591f9f6e0627c1145baa31fcedc59cbd11cbafbfeb9b7 [stream]
[debug] [2026-09-05T06:43:41.765Z] >>> [apiv2][query] POST https://upload-firebasehosting.googleapis.com/upload/sites/point-app-1f854/versions/65bf3ce175d433d2/files/3b71ef08539162139265819ca4757f6c935d77d21d6bbf1e642e09f4c221e342 [none]
[debug] [2026-09-05T06:43:41.766Z] >>> [apiv2][body] POST https://upload-firebasehosting.googleapis.com/upload/sites/point-app-1f854/versions/65bf3ce175d433d2/files/3b71ef08539162139265819ca4757f6c935d77d21d6bbf1e642e09f4c221e342 [stream]
[debug] [2026-09-05T06:43:41.766Z] >>> [apiv2][query] POST https://upload-firebasehosting.googleapis.com/upload/sites/point-app-1f854/versions/65bf3ce175d433d2/files/8bed4fd56f77929ba910fc403597627b80ec18ceb561affcf44ead4643753a14 [none]
[debug] [2026-09-05T06:43:41.766Z] >>> [apiv2][body] POST https://upload-firebasehosting.googleapis.com/upload/sites/point-app-1f854/versions/65bf3ce175d433d2/files/8bed4fd56f77929ba910fc403597627b80ec18ceb561affcf44ead4643753a14 [stream]
[debug] [2026-09-05T06:43:41.767Z] >>> [apiv2][query] POST https://upload-firebasehosting.googleapis.com/upload/sites/point-app-1f854/versions/65bf3ce175d433d2/files/b2738dc9a000f56f2b5c286fe20c026566cea2b13abf1a82137c8de2fd2e8afe [none]
[debug] [2026-09-05T06:43:41.767Z] >>> [apiv2][body] POST https://upload-firebasehosting.googleapis.com/upload/sites/point-app-1f854/versions/65bf3ce175d433d2/files/b2738dc9a000f56f2b5c286fe20c026566cea2b13abf1a82137c8de2fd2e8afe [stream]
[debug] [2026-09-05T06:43:41.767Z] >>> [apiv2][query] POST https://upload-firebasehosting.googleapis.com/upload/sites/point-app-1f854/versions/65bf3ce175d433d2/files/b6400caf8492c3d0068f8ed73bbffd8f85c9905504e048b93e6af891a37656f3 [none]
[debug] [2026-09-05T06:43:41.767Z] >>> [apiv2][body] POST https://upload-firebasehosting.googleapis.com/upload/sites/point-app-1f854/versions/65bf3ce175d433d2/files/b6400caf8492c3d0068f8ed73bbffd8f85c9905504e048b93e6af891a37656f3 [stream]
[debug] [2026-09-05T06:43:41.768Z] >>> [apiv2][query] POST https://upload-firebasehosting.googleapis.com/upload/sites/point-app-1f854/versions/65bf3ce175d433d2/files/b300ff9a6c073dd25a818f9779828a218ea09a15afa24c9dccc8055fa2c25ce1 [none]
[debug] [2026-09-05T06:43:41.768Z] >>> [apiv2][body] POST https://upload-firebasehosting.googleapis.com/upload/sites/point-app-1f854/versions/65bf3ce175d433d2/files/b300ff9a6c073dd25a818f9779828a218ea09a15afa24c9dccc8055fa2c25ce1 [stream]
[debug] [2026-09-05T06:43:41.768Z] >>> [apiv2][query] POST https://upload-firebasehosting.googleapis.com/upload/sites/point-app-1f854/versions/65bf3ce175d433d2/files/1641d10ea811d2cde119245b9b07d595929b1b608382161abf4cde66701a2ee9 [none]
[debug] [2026-09-05T06:43:41.768Z] >>> [apiv2][body] POST https://upload-firebasehosting.googleapis.com/upload/sites/point-app-1f854/versions/65bf3ce175d433d2/files/1641d10ea811d2cde119245b9b07d595929b1b608382161abf4cde66701a2ee9 [stream]
[debug] [2026-09-05T06:43:41.769Z] >>> [apiv2][query] POST https://upload-firebasehosting.googleapis.com/upload/sites/point-app-1f854/versions/65bf3ce175d433d2/files/73c89bd7a71ab87d108ef89b1b7a20ab0f10b8c4b9a2e57df142e18b769abfa1 [none]
[debug] [2026-09-05T06:43:41.769Z] >>> [apiv2][body] POST https://upload-firebasehosting.googleapis.com/upload/sites/point-app-1f854/versions/65bf3ce175d433d2/files/73c89bd7a71ab87d108ef89b1b7a20ab0f10b8c4b9a2e57df142e18b769abfa1 [stream]
[debug] [2026-09-05T06:43:41.769Z] >>> [apiv2][query] POST https://upload-firebasehosting.googleapis.com/upload/sites/point-app-1f854/versions/65bf3ce175d433d2/files/257a600ba175eb320989af020e6df5cb2cecc4c024a10b573192374674739866 [none]
[debug] [2026-09-05T06:43:41.769Z] >>> [apiv2][body] POST https://upload-firebasehosting.googleapis.com/upload/sites/point-app-1f854/versions/65bf3ce175d433d2/files/257a600ba175eb320989af020e6df5cb2cecc4c024a10b573192374674739866 [stream]
[debug] [2026-09-05T06:43:41.770Z] >>> [apiv2][query] POST https://upload-firebasehosting.googleapis.com/upload/sites/point-app-1f854/versions/65bf3ce175d433d2/files/25872e6a92e356b86b1e0278e6c59e6c89bc05de3ee7e1985fd2b801e3dd6d8b [none]
[debug] [2026-09-05T06:43:41.770Z] >>> [apiv2][body] POST https://upload-firebasehosting.googleapis.com/upload/sites/point-app-1f854/versions/65bf3ce175d433d2/files/25872e6a92e356b86b1e0278e6c59e6c89bc05de3ee7e1985fd2b801e3dd6d8b [stream]
[debug] [2026-09-05T06:43:41.770Z] >>> [apiv2][query] POST https://upload-firebasehosting.googleapis.com/upload/sites/point-app-1f854/versions/65bf3ce175d433d2/files/157a31519c7dda5e24792aafb2f7e8f013d17f48871809dfb77cfef9797b8fe4 [none]
[debug] [2026-09-05T06:43:41.770Z] >>> [apiv2][body] POST https://upload-firebasehosting.googleapis.com/upload/sites/point-app-1f854/versions/65bf3ce175d433d2/files/157a31519c7dda5e24792aafb2f7e8f013d17f48871809dfb77cfef9797b8fe4 [stream]
[debug] [2026-09-05T06:43:41.770Z] >>> [apiv2][query] POST https://upload-firebasehosting.googleapis.com/upload/sites/point-app-1f854/versions/65bf3ce175d433d2/files/1f3a88878f3fd2265894ce91604dc2a826ef1192c45d3ead290e2c8e8904ebb8 [none]
[debug] [2026-09-05T06:43:41.770Z] >>> [apiv2][body] POST https://upload-firebasehosting.googleapis.com/upload/sites/point-app-1f854/versions/65bf3ce175d433d2/files/1f3a88878f3fd2265894ce91604dc2a826ef1192c45d3ead290e2c8e8904ebb8 [stream]
[debug] [2026-09-05T06:43:41.771Z] >>> [apiv2][query] POST https://upload-firebasehosting.googleapis.com/upload/sites/point-app-1f854/versions/65bf3ce175d433d2/files/5bad3e373a1f41227f5632add949e9774e494feee6736c4db5774aec6f05ea32 [none]
[debug] [2026-09-05T06:43:41.771Z] >>> [apiv2][body] POST https://upload-firebasehosting.googleapis.com/upload/sites/point-app-1f854/versions/65bf3ce175d433d2/files/5bad3e373a1f41227f5632add949e9774e494feee6736c4db5774aec6f05ea32 [stream]
[debug] [2026-09-05T06:43:41.771Z] >>> [apiv2][query] POST https://upload-firebasehosting.googleapis.com/upload/sites/point-app-1f854/versions/65bf3ce175d433d2/files/2be494eb1962d3e9caf1ba4ea645ff04899ecc4b448cc69bbfd4b2b0db208dff [none]
[debug] [2026-09-05T06:43:41.771Z] >>> [apiv2][body] POST https://upload-firebasehosting.googleapis.com/upload/sites/point-app-1f854/versions/65bf3ce175d433d2/files/2be494eb1962d3e9caf1ba4ea645ff04899ecc4b448cc69bbfd4b2b0db208dff [stream]
[debug] [2026-09-05T06:43:41.771Z] >>> [apiv2][query] POST https://upload-firebasehosting.googleapis.com/upload/sites/point-app-1f854/versions/65bf3ce175d433d2/files/d721231534674e0e4b84baf2fd57a2111870785a7e20de7a0ecca0acc73cd26a [none]
[debug] [2026-09-05T06:43:41.771Z] >>> [apiv2][body] POST https://upload-firebasehosting.googleapis.com/upload/sites/point-app-1f854/versions/65bf3ce175d433d2/files/d721231534674e0e4b84baf2fd57a2111870785a7e20de7a0ecca0acc73cd26a [stream]
[debug] [2026-09-05T06:43:41.772Z] >>> [apiv2][query] POST https://upload-firebasehosting.googleapis.com/upload/sites/point-app-1f854/versions/65bf3ce175d433d2/files/55ab23aaa3683a4f8bbe8e8a0788276768606babccf5a03082992944d4ee5364 [none]
[debug] [2026-09-05T06:43:41.772Z] >>> [apiv2][body] POST https://upload-firebasehosting.googleapis.com/upload/sites/point-app-1f854/versions/65bf3ce175d433d2/files/55ab23aaa3683a4f8bbe8e8a0788276768606babccf5a03082992944d4ee5364 [stream]
[debug] [2026-09-05T06:43:41.773Z] >>> [apiv2][query] POST https://upload-firebasehosting.googleapis.com/upload/sites/point-app-1f854/versions/65bf3ce175d433d2/files/0ff49277ae9eb3d8b8649ed3f005cc194fe279b96026034fee772a1757dababc [none]
[debug] [2026-09-05T06:43:41.773Z] >>> [apiv2][body] POST https://upload-firebasehosting.googleapis.com/upload/sites/point-app-1f854/versions/65bf3ce175d433d2/files/0ff49277ae9eb3d8b8649ed3f005cc194fe279b96026034fee772a1757dababc [stream]
[debug] [2026-09-05T06:43:41.773Z] >>> [apiv2][query] POST https://upload-firebasehosting.googleapis.com/upload/sites/point-app-1f854/versions/65bf3ce175d433d2/files/53d3c9a67ddbe2bf27fb89feb8fa60963289142cabf67b5c265ffe653727dfa2 [none]
[debug] [2026-09-05T06:43:41.773Z] >>> [apiv2][body] POST https://upload-firebasehosting.googleapis.com/upload/sites/point-app-1f854/versions/65bf3ce175d433d2/files/53d3c9a67ddbe2bf27fb89feb8fa60963289142cabf67b5c265ffe653727dfa2 [stream]
[debug] [2026-09-05T06:43:41.774Z] >>> [apiv2][query] POST https://upload-firebasehosting.googleapis.com/upload/sites/point-app-1f854/versions/65bf3ce175d433d2/files/3744e818e24c4c298ee85377a3c758eafcd3eebd217373fcae46564d86a1c62d [none]
[debug] [2026-09-05T06:43:41.774Z] >>> [apiv2][body] POST https://upload-firebasehosting.googleapis.com/upload/sites/point-app-1f854/versions/65bf3ce175d433d2/files/3744e818e24c4c298ee85377a3c758eafcd3eebd217373fcae46564d86a1c62d [stream]
[debug] [2026-09-05T06:43:41.775Z] >>> [apiv2][query] POST https://upload-firebasehosting.googleapis.com/upload/sites/point-app-1f854/versions/65bf3ce175d433d2/files/456c46be2a5a8fae171dbd04471ca72c2f90b11ce550da90bfb87eb7e81eb4d8 [none]
[debug] [2026-09-05T06:43:41.775Z] >>> [apiv2][body] POST https://upload-firebasehosting.googleapis.com/upload/sites/point-app-1f854/versions/65bf3ce175d433d2/files/456c46be2a5a8fae171dbd04471ca72c2f90b11ce550da90bfb87eb7e81eb4d8 [stream]
[debug] [2026-09-05T06:43:41.776Z] >>> [apiv2][query] POST https://upload-firebasehosting.googleapis.com/upload/sites/point-app-1f854/versions/65bf3ce175d433d2/files/80b8df85bde4c9e8cf3ee534a05d586c1a8fd7a77b72f4ee3410536f31f761fe [none]
[debug] [2026-09-05T06:43:41.776Z] >>> [apiv2][body] POST https://upload-firebasehosting.googleapis.com/upload/sites/point-app-1f854/versions/65bf3ce175d433d2/files/80b8df85bde4c9e8cf3ee534a05d586c1a8fd7a77b72f4ee3410536f31f761fe [stream]
[debug] [2026-09-05T06:43:41.777Z] >>> [apiv2][query] POST https://upload-firebasehosting.googleapis.com/upload/sites/point-app-1f854/versions/65bf3ce175d433d2/files/b7b252f4568bf3411084c3fde5dd9903831cb14a8bf5324fd0068e16b4ee50f9 [none]
[debug] [2026-09-05T06:43:41.777Z] >>> [apiv2][body] POST https://upload-firebasehosting.googleapis.com/upload/sites/point-app-1f854/versions/65bf3ce175d433d2/files/b7b252f4568bf3411084c3fde5dd9903831cb14a8bf5324fd0068e16b4ee50f9 [stream]
[debug] [2026-09-05T06:43:41.778Z] >>> [apiv2][query] POST https://upload-firebasehosting.googleapis.com/upload/sites/point-app-1f854/versions/65bf3ce175d433d2/files/5aa68bc4127942bbd826175552ac3db65a4318a2b0da5d0b7ee2825761b91e78 [none]
[debug] [2026-09-05T06:43:41.778Z] >>> [apiv2][body] POST https://upload-firebasehosting.googleapis.com/upload/sites/point-app-1f854/versions/65bf3ce175d433d2/files/5aa68bc4127942bbd826175552ac3db65a4318a2b0da5d0b7ee2825761b91e78 [stream]
[debug] [2026-09-05T06:43:41.778Z] >>> [apiv2][query] POST https://upload-firebasehosting.googleapis.com/upload/sites/point-app-1f854/versions/65bf3ce175d433d2/files/2763bfe9232a6b41b8bb3cb658a79500a233a2373dd32c639e9980a5a086614d [none]
[debug] [2026-09-05T06:43:41.778Z] >>> [apiv2][body] POST https://upload-firebasehosting.googleapis.com/upload/sites/point-app-1f854/versions/65bf3ce175d433d2/files/2763bfe9232a6b41b8bb3cb658a79500a233a2373dd32c639e9980a5a086614d [stream]
[debug] [2026-09-05T06:43:41.779Z] >>> [apiv2][query] POST https://upload-firebasehosting.googleapis.com/upload/sites/point-app-1f854/versions/65bf3ce175d433d2/files/0078c46c0eafda64b69100bc1716c1f0e8067c4e0eb5c95d147f323dffcda41d [none]
[debug] [2026-09-05T06:43:41.779Z] >>> [apiv2][body] POST https://upload-firebasehosting.googleapis.com/upload/sites/point-app-1f854/versions/65bf3ce175d433d2/files/0078c46c0eafda64b69100bc1716c1f0e8067c4e0eb5c95d147f323dffcda41d [stream]
[debug] [2026-09-05T06:43:41.779Z] >>> [apiv2][query] POST https://upload-firebasehosting.googleapis.com/upload/sites/point-app-1f854/versions/65bf3ce175d433d2/files/3e2ca1b6132b2593bb41593819b57bc2b39fa1fe853c30146a12e59fb5570778 [none]
[debug] [2026-09-05T06:43:41.779Z] >>> [apiv2][body] POST https://upload-firebasehosting.googleapis.com/upload/sites/point-app-1f854/versions/65bf3ce175d433d2/files/3e2ca1b6132b2593bb41593819b57bc2b39fa1fe853c30146a12e59fb5570778 [stream]
[debug] [2026-09-05T06:43:41.779Z] >>> [apiv2][query] POST https://upload-firebasehosting.googleapis.com/upload/sites/point-app-1f854/versions/65bf3ce175d433d2/files/89ff6e6d7cbe49133239663297cf44d319f024002c2389ec0f01b801ca208295 [none]
[debug] [2026-09-05T06:43:41.779Z] >>> [apiv2][body] POST https://upload-firebasehosting.googleapis.com/upload/sites/point-app-1f854/versions/65bf3ce175d433d2/files/89ff6e6d7cbe49133239663297cf44d319f024002c2389ec0f01b801ca208295 [stream]
[debug] [2026-09-05T06:43:41.780Z] >>> [apiv2][query] POST https://upload-firebasehosting.googleapis.com/upload/sites/point-app-1f854/versions/65bf3ce175d433d2/files/3237f28117979c0fb33c1ed07305150c9ce9d7db294932c469955bc6e8a2ecb5 [none]
[debug] [2026-09-05T06:43:41.780Z] >>> [apiv2][body] POST https://upload-firebasehosting.googleapis.com/upload/sites/point-app-1f854/versions/65bf3ce175d433d2/files/3237f28117979c0fb33c1ed07305150c9ce9d7db294932c469955bc6e8a2ecb5 [stream]
[debug] [2026-09-05T06:43:41.780Z] >>> [apiv2][query] POST https://upload-firebasehosting.googleapis.com/upload/sites/point-app-1f854/versions/65bf3ce175d433d2/files/70ac3c762a5b6a9d364fd0e6b6ef1017a067bb511e65991b1a97ae17166fb14a [none]
[debug] [2026-09-05T06:43:41.780Z] >>> [apiv2][body] POST https://upload-firebasehosting.googleapis.com/upload/sites/point-app-1f854/versions/65bf3ce175d433d2/files/70ac3c762a5b6a9d364fd0e6b6ef1017a067bb511e65991b1a97ae17166fb14a [stream]
[debug] [2026-09-05T06:43:41.780Z] >>> [apiv2][query] POST https://upload-firebasehosting.googleapis.com/upload/sites/point-app-1f854/versions/65bf3ce175d433d2/files/4772a2fb19286eee2e4c19d2cf06b9d661c2aeae0991c58c0e7ee915803e2f21 [none]
[debug] [2026-09-05T06:43:41.780Z] >>> [apiv2][body] POST https://upload-firebasehosting.googleapis.com/upload/sites/point-app-1f854/versions/65bf3ce175d433d2/files/4772a2fb19286eee2e4c19d2cf06b9d661c2aeae0991c58c0e7ee915803e2f21 [stream]
[debug] [2026-09-05T06:43:41.781Z] >>> [apiv2][query] POST https://upload-firebasehosting.googleapis.com/upload/sites/point-app-1f854/versions/65bf3ce175d433d2/files/e0aae45f67ac5c8c2aedab7e5ef2c558ae3cfce47ac23d5f374f6e21764b4726 [none]
[debug] [2026-09-05T06:43:41.781Z] >>> [apiv2][body] POST https://upload-firebasehosting.googleapis.com/upload/sites/point-app-1f854/versions/65bf3ce175d433d2/files/e0aae45f67ac5c8c2aedab7e5ef2c558ae3cfce47ac23d5f374f6e21764b4726 [stream]
[debug] [2026-09-05T06:43:41.781Z] >>> [apiv2][query] POST https://upload-firebasehosting.googleapis.com/upload/sites/point-app-1f854/versions/65bf3ce175d433d2/files/0e53c1f148538b06d9e707f93ad80e64ba08433e79f7ab1ddf72fe5a7647b44b [none]
[debug] [2026-09-05T06:43:41.781Z] >>> [apiv2][body] POST https://upload-firebasehosting.googleapis.com/upload/sites/point-app-1f854/versions/65bf3ce175d433d2/files/0e53c1f148538b06d9e707f93ad80e64ba08433e79f7ab1ddf72fe5a7647b44b [stream]
[debug] [2026-09-05T06:43:41.782Z] >>> [apiv2][query] POST https://upload-firebasehosting.googleapis.com/upload/sites/point-app-1f854/versions/65bf3ce175d433d2/files/186817c1393c7fca11d06b718ac277d85c9f091ae0cf25417548f35b6ed33774 [none]
[debug] [2026-09-05T06:43:41.782Z] >>> [apiv2][body] POST https://upload-firebasehosting.googleapis.com/upload/sites/point-app-1f854/versions/65bf3ce175d433d2/files/186817c1393c7fca11d06b718ac277d85c9f091ae0cf25417548f35b6ed33774 [stream]
[debug] [2026-09-05T06:43:41.783Z] >>> [apiv2][query] POST https://upload-firebasehosting.googleapis.com/upload/sites/point-app-1f854/versions/65bf3ce175d433d2/files/4ac7ebcf43ee77ad041a3be634cbf4e818b957240e6802a433a1f98959337514 [none]
[debug] [2026-09-05T06:43:41.783Z] >>> [apiv2][body] POST https://upload-firebasehosting.googleapis.com/upload/sites/point-app-1f854/versions/65bf3ce175d433d2/files/4ac7ebcf43ee77ad041a3be634cbf4e818b957240e6802a433a1f98959337514 [stream]
[debug] [2026-09-05T06:43:41.783Z] >>> [apiv2][query] POST https://upload-firebasehosting.googleapis.com/upload/sites/point-app-1f854/versions/65bf3ce175d433d2/files/0383d1ac657f2821dabb85a6716b6d3494c17c77edd921cdaee1ec5f5cd08ab4 [none]
[debug] [2026-09-05T06:43:41.783Z] >>> [apiv2][body] POST https://upload-firebasehosting.googleapis.com/upload/sites/point-app-1f854/versions/65bf3ce175d433d2/files/0383d1ac657f2821dabb85a6716b6d3494c17c77edd921cdaee1ec5f5cd08ab4 [stream]
[debug] [2026-09-05T06:43:41.784Z] >>> [apiv2][query] POST https://upload-firebasehosting.googleapis.com/upload/sites/point-app-1f854/versions/65bf3ce175d433d2/files/1f4e7dc11f6df42c7cb42de289bfa552fcbf4166d2b21ecd9fa47c0f7b564579 [none]
[debug] [2026-09-05T06:43:41.784Z] >>> [apiv2][body] POST https://upload-firebasehosting.googleapis.com/upload/sites/point-app-1f854/versions/65bf3ce175d433d2/files/1f4e7dc11f6df42c7cb42de289bfa552fcbf4166d2b21ecd9fa47c0f7b564579 [stream]
[debug] [2026-09-05T06:43:41.784Z] >>> [apiv2][query] POST https://upload-firebasehosting.googleapis.com/upload/sites/point-app-1f854/versions/65bf3ce175d433d2/files/e466dfe437626218da249c50785b1f67f9131e386a7daea58fe20f54c6b6e859 [none]
[debug] [2026-09-05T06:43:41.784Z] >>> [apiv2][body] POST https://upload-firebasehosting.googleapis.com/upload/sites/point-app-1f854/versions/65bf3ce175d433d2/files/e466dfe437626218da249c50785b1f67f9131e386a7daea58fe20f54c6b6e859 [stream]
[debug] [2026-09-05T06:43:41.785Z] >>> [apiv2][query] POST https://upload-firebasehosting.googleapis.com/upload/sites/point-app-1f854/versions/65bf3ce175d433d2/files/870519c22b27459df6ff4e164edbb6b88f281245acfb007cecd344a7ff7e7077 [none]
[debug] [2026-09-05T06:43:41.785Z] >>> [apiv2][body] POST https://upload-firebasehosting.googleapis.com/upload/sites/point-app-1f854/versions/65bf3ce175d433d2/files/870519c22b27459df6ff4e164edbb6b88f281245acfb007cecd344a7ff7e7077 [stream]
[debug] [2026-09-05T06:43:41.785Z] >>> [apiv2][query] POST https://upload-firebasehosting.googleapis.com/upload/sites/point-app-1f854/versions/65bf3ce175d433d2/files/5a092d65db1df429934c97b30fb68818e506659941aa9a13bcdd3ff8a5966637 [none]
[debug] [2026-09-05T06:43:41.785Z] >>> [apiv2][body] POST https://upload-firebasehosting.googleapis.com/upload/sites/point-app-1f854/versions/65bf3ce175d433d2/files/5a092d65db1df429934c97b30fb68818e506659941aa9a13bcdd3ff8a5966637 [stream]
[debug] [2026-09-05T06:43:41.786Z] >>> [apiv2][query] POST https://upload-firebasehosting.googleapis.com/upload/sites/point-app-1f854/versions/65bf3ce175d433d2/files/a2de84b0945823e28d88ad72881916bcd3da03c8308581711239b752315ee89f [none]
[debug] [2026-09-05T06:43:41.786Z] >>> [apiv2][body] POST https://upload-firebasehosting.googleapis.com/upload/sites/point-app-1f854/versions/65bf3ce175d433d2/files/a2de84b0945823e28d88ad72881916bcd3da03c8308581711239b752315ee89f [stream]
[debug] [2026-09-05T06:43:41.787Z] [hosting][populate queue][FINAL] {"max":1339,"min":1339,"avg":1339,"active":0,"complete":1,"success":1,"errored":0,"retried":0,"total":1,"elapsed":1371}
[debug] [2026-09-05T06:43:41.787Z] [hosting] uploads queued: 52
[info] i  hosting: uploading new files [0/52] (0%) 
[debug] [2026-09-05T06:43:43.105Z] <<< [apiv2][status] POST https://upload-firebasehosting.googleapis.com/upload/sites/point-app-1f854/versions/65bf3ce175d433d2/files/0a37a9f944c9d023e85459de71dfc93e60f399827d82e15d637fd612e7673749 200
[debug] [2026-09-05T06:43:43.105Z] <<< [apiv2][body] POST https://upload-firebasehosting.googleapis.com/upload/sites/point-app-1f854/versions/65bf3ce175d433d2/files/0a37a9f944c9d023e85459de71dfc93e60f399827d82e15d637fd612e7673749 [stream]
[debug] [2026-09-05T06:43:43.136Z] <<< [apiv2][status] POST https://upload-firebasehosting.googleapis.com/upload/sites/point-app-1f854/versions/65bf3ce175d433d2/files/ec9f92d4b5fb2ef50a4959496dd12f407944fc44e48b0dc138200968664f6874 200
[debug] [2026-09-05T06:43:43.136Z] <<< [apiv2][body] POST https://upload-firebasehosting.googleapis.com/upload/sites/point-app-1f854/versions/65bf3ce175d433d2/files/ec9f92d4b5fb2ef50a4959496dd12f407944fc44e48b0dc138200968664f6874 [stream]
[debug] [2026-09-05T06:43:43.168Z] <<< [apiv2][status] POST https://upload-firebasehosting.googleapis.com/upload/sites/point-app-1f854/versions/65bf3ce175d433d2/files/9cf0af2327a8a4e4f693953e615a4caa5052a5dcac2886fbf824746b9dcfa5ce 200
[debug] [2026-09-05T06:43:43.168Z] <<< [apiv2][body] POST https://upload-firebasehosting.googleapis.com/upload/sites/point-app-1f854/versions/65bf3ce175d433d2/files/9cf0af2327a8a4e4f693953e615a4caa5052a5dcac2886fbf824746b9dcfa5ce [stream]
[debug] [2026-09-05T06:43:43.179Z] <<< [apiv2][status] POST https://upload-firebasehosting.googleapis.com/upload/sites/point-app-1f854/versions/65bf3ce175d433d2/files/5a092d65db1df429934c97b30fb68818e506659941aa9a13bcdd3ff8a5966637 200
[debug] [2026-09-05T06:43:43.179Z] <<< [apiv2][body] POST https://upload-firebasehosting.googleapis.com/upload/sites/point-app-1f854/versions/65bf3ce175d433d2/files/5a092d65db1df429934c97b30fb68818e506659941aa9a13bcdd3ff8a5966637 [stream]
[debug] [2026-09-05T06:43:43.204Z] <<< [apiv2][status] POST https://upload-firebasehosting.googleapis.com/upload/sites/point-app-1f854/versions/65bf3ce175d433d2/files/872fd895a0de004cf8c19516e28e335a70d4178bd5fb67a06986e37652cb6815 200
[debug] [2026-09-05T06:43:43.204Z] <<< [apiv2][body] POST https://upload-firebasehosting.googleapis.com/upload/sites/point-app-1f854/versions/65bf3ce175d433d2/files/872fd895a0de004cf8c19516e28e335a70d4178bd5fb67a06986e37652cb6815 [stream]
[debug] [2026-09-05T06:43:43.209Z] <<< [apiv2][status] POST https://upload-firebasehosting.googleapis.com/upload/sites/point-app-1f854/versions/65bf3ce175d433d2/files/0383d1ac657f2821dabb85a6716b6d3494c17c77edd921cdaee1ec5f5cd08ab4 200
[debug] [2026-09-05T06:43:43.210Z] <<< [apiv2][body] POST https://upload-firebasehosting.googleapis.com/upload/sites/point-app-1f854/versions/65bf3ce175d433d2/files/0383d1ac657f2821dabb85a6716b6d3494c17c77edd921cdaee1ec5f5cd08ab4 [stream]
[debug] [2026-09-05T06:43:43.231Z] <<< [apiv2][status] POST https://upload-firebasehosting.googleapis.com/upload/sites/point-app-1f854/versions/65bf3ce175d433d2/files/b300ff9a6c073dd25a818f9779828a218ea09a15afa24c9dccc8055fa2c25ce1 200
[debug] [2026-09-05T06:43:43.231Z] <<< [apiv2][body] POST https://upload-firebasehosting.googleapis.com/upload/sites/point-app-1f854/versions/65bf3ce175d433d2/files/b300ff9a6c073dd25a818f9779828a218ea09a15afa24c9dccc8055fa2c25ce1 [stream]
[debug] [2026-09-05T06:43:43.235Z] <<< [apiv2][status] POST https://upload-firebasehosting.googleapis.com/upload/sites/point-app-1f854/versions/65bf3ce175d433d2/files/73c89bd7a71ab87d108ef89b1b7a20ab0f10b8c4b9a2e57df142e18b769abfa1 200
[debug] [2026-09-05T06:43:43.235Z] <<< [apiv2][body] POST https://upload-firebasehosting.googleapis.com/upload/sites/point-app-1f854/versions/65bf3ce175d433d2/files/73c89bd7a71ab87d108ef89b1b7a20ab0f10b8c4b9a2e57df142e18b769abfa1 [stream]
[debug] [2026-09-05T06:43:43.245Z] <<< [apiv2][status] POST https://upload-firebasehosting.googleapis.com/upload/sites/point-app-1f854/versions/65bf3ce175d433d2/files/8bed4fd56f77929ba910fc403597627b80ec18ceb561affcf44ead4643753a14 200
[debug] [2026-09-05T06:43:43.246Z] <<< [apiv2][body] POST https://upload-firebasehosting.googleapis.com/upload/sites/point-app-1f854/versions/65bf3ce175d433d2/files/8bed4fd56f77929ba910fc403597627b80ec18ceb561affcf44ead4643753a14 [stream]
[debug] [2026-09-05T06:43:43.252Z] <<< [apiv2][status] POST https://upload-firebasehosting.googleapis.com/upload/sites/point-app-1f854/versions/65bf3ce175d433d2/files/b2738dc9a000f56f2b5c286fe20c026566cea2b13abf1a82137c8de2fd2e8afe 200
[debug] [2026-09-05T06:43:43.252Z] <<< [apiv2][body] POST https://upload-firebasehosting.googleapis.com/upload/sites/point-app-1f854/versions/65bf3ce175d433d2/files/b2738dc9a000f56f2b5c286fe20c026566cea2b13abf1a82137c8de2fd2e8afe [stream]
[debug] [2026-09-05T06:43:43.285Z] <<< [apiv2][status] POST https://upload-firebasehosting.googleapis.com/upload/sites/point-app-1f854/versions/65bf3ce175d433d2/files/62ca42a6f9436cf22b611f4420c7a7748f8120ec2dc3dfb36f5cd41c0b60aa85 200
[debug] [2026-09-05T06:43:43.285Z] <<< [apiv2][body] POST https://upload-firebasehosting.googleapis.com/upload/sites/point-app-1f854/versions/65bf3ce175d433d2/files/62ca42a6f9436cf22b611f4420c7a7748f8120ec2dc3dfb36f5cd41c0b60aa85 [stream]
[debug] [2026-09-05T06:43:43.288Z] <<< [apiv2][status] POST https://upload-firebasehosting.googleapis.com/upload/sites/point-app-1f854/versions/65bf3ce175d433d2/files/257a600ba175eb320989af020e6df5cb2cecc4c024a10b573192374674739866 200
[debug] [2026-09-05T06:43:43.288Z] <<< [apiv2][body] POST https://upload-firebasehosting.googleapis.com/upload/sites/point-app-1f854/versions/65bf3ce175d433d2/files/257a600ba175eb320989af020e6df5cb2cecc4c024a10b573192374674739866 [stream]
[debug] [2026-09-05T06:43:43.295Z] <<< [apiv2][status] POST https://upload-firebasehosting.googleapis.com/upload/sites/point-app-1f854/versions/65bf3ce175d433d2/files/4772a2fb19286eee2e4c19d2cf06b9d661c2aeae0991c58c0e7ee915803e2f21 200
[debug] [2026-09-05T06:43:43.295Z] <<< [apiv2][body] POST https://upload-firebasehosting.googleapis.com/upload/sites/point-app-1f854/versions/65bf3ce175d433d2/files/4772a2fb19286eee2e4c19d2cf06b9d661c2aeae0991c58c0e7ee915803e2f21 [stream]
[debug] [2026-09-05T06:43:43.302Z] <<< [apiv2][status] POST https://upload-firebasehosting.googleapis.com/upload/sites/point-app-1f854/versions/65bf3ce175d433d2/files/0ff49277ae9eb3d8b8649ed3f005cc194fe279b96026034fee772a1757dababc 200
[debug] [2026-09-05T06:43:43.302Z] <<< [apiv2][body] POST https://upload-firebasehosting.googleapis.com/upload/sites/point-app-1f854/versions/65bf3ce175d433d2/files/0ff49277ae9eb3d8b8649ed3f005cc194fe279b96026034fee772a1757dababc [stream]
[debug] [2026-09-05T06:43:43.306Z] <<< [apiv2][status] POST https://upload-firebasehosting.googleapis.com/upload/sites/point-app-1f854/versions/65bf3ce175d433d2/files/80b8df85bde4c9e8cf3ee534a05d586c1a8fd7a77b72f4ee3410536f31f761fe 200
[debug] [2026-09-05T06:43:43.306Z] <<< [apiv2][body] POST https://upload-firebasehosting.googleapis.com/upload/sites/point-app-1f854/versions/65bf3ce175d433d2/files/80b8df85bde4c9e8cf3ee534a05d586c1a8fd7a77b72f4ee3410536f31f761fe [stream]
[debug] [2026-09-05T06:43:43.306Z] <<< [apiv2][status] POST https://upload-firebasehosting.googleapis.com/upload/sites/point-app-1f854/versions/65bf3ce175d433d2/files/a2de84b0945823e28d88ad72881916bcd3da03c8308581711239b752315ee89f 200
[debug] [2026-09-05T06:43:43.306Z] <<< [apiv2][body] POST https://upload-firebasehosting.googleapis.com/upload/sites/point-app-1f854/versions/65bf3ce175d433d2/files/a2de84b0945823e28d88ad72881916bcd3da03c8308581711239b752315ee89f [stream]
[debug] [2026-09-05T06:43:43.319Z] <<< [apiv2][status] POST https://upload-firebasehosting.googleapis.com/upload/sites/point-app-1f854/versions/65bf3ce175d433d2/files/0078c46c0eafda64b69100bc1716c1f0e8067c4e0eb5c95d147f323dffcda41d 200
[debug] [2026-09-05T06:43:43.319Z] <<< [apiv2][body] POST https://upload-firebasehosting.googleapis.com/upload/sites/point-app-1f854/versions/65bf3ce175d433d2/files/0078c46c0eafda64b69100bc1716c1f0e8067c4e0eb5c95d147f323dffcda41d [stream]
[debug] [2026-09-05T06:43:43.322Z] <<< [apiv2][status] POST https://upload-firebasehosting.googleapis.com/upload/sites/point-app-1f854/versions/65bf3ce175d433d2/files/89ff6e6d7cbe49133239663297cf44d319f024002c2389ec0f01b801ca208295 200
[debug] [2026-09-05T06:43:43.322Z] <<< [apiv2][body] POST https://upload-firebasehosting.googleapis.com/upload/sites/point-app-1f854/versions/65bf3ce175d433d2/files/89ff6e6d7cbe49133239663297cf44d319f024002c2389ec0f01b801ca208295 [stream]
[debug] [2026-09-05T06:43:43.333Z] <<< [apiv2][status] POST https://upload-firebasehosting.googleapis.com/upload/sites/point-app-1f854/versions/65bf3ce175d433d2/files/1f4e7dc11f6df42c7cb42de289bfa552fcbf4166d2b21ecd9fa47c0f7b564579 200
[debug] [2026-09-05T06:43:43.333Z] <<< [apiv2][body] POST https://upload-firebasehosting.googleapis.com/upload/sites/point-app-1f854/versions/65bf3ce175d433d2/files/1f4e7dc11f6df42c7cb42de289bfa552fcbf4166d2b21ecd9fa47c0f7b564579 [stream]
[debug] [2026-09-05T06:43:43.375Z] <<< [apiv2][status] POST https://upload-firebasehosting.googleapis.com/upload/sites/point-app-1f854/versions/65bf3ce175d433d2/files/5aa68bc4127942bbd826175552ac3db65a4318a2b0da5d0b7ee2825761b91e78 200
[debug] [2026-09-05T06:43:43.375Z] <<< [apiv2][body] POST https://upload-firebasehosting.googleapis.com/upload/sites/point-app-1f854/versions/65bf3ce175d433d2/files/5aa68bc4127942bbd826175552ac3db65a4318a2b0da5d0b7ee2825761b91e78 [stream]
[debug] [2026-09-05T06:43:43.403Z] <<< [apiv2][status] POST https://upload-firebasehosting.googleapis.com/upload/sites/point-app-1f854/versions/65bf3ce175d433d2/files/057501919a8a3af8afef05c62545cbc483b36e3aa498c3605ca02d40bb95f34d 200
[debug] [2026-09-05T06:43:43.403Z] <<< [apiv2][body] POST https://upload-firebasehosting.googleapis.com/upload/sites/point-app-1f854/versions/65bf3ce175d433d2/files/057501919a8a3af8afef05c62545cbc483b36e3aa498c3605ca02d40bb95f34d [stream]
[debug] [2026-09-05T06:43:43.418Z] <<< [apiv2][status] POST https://upload-firebasehosting.googleapis.com/upload/sites/point-app-1f854/versions/65bf3ce175d433d2/files/1f3a88878f3fd2265894ce91604dc2a826ef1192c45d3ead290e2c8e8904ebb8 200
[debug] [2026-09-05T06:43:43.418Z] <<< [apiv2][body] POST https://upload-firebasehosting.googleapis.com/upload/sites/point-app-1f854/versions/65bf3ce175d433d2/files/1f3a88878f3fd2265894ce91604dc2a826ef1192c45d3ead290e2c8e8904ebb8 [stream]
[debug] [2026-09-05T06:43:43.420Z] <<< [apiv2][status] POST https://upload-firebasehosting.googleapis.com/upload/sites/point-app-1f854/versions/65bf3ce175d433d2/files/3b71ef08539162139265819ca4757f6c935d77d21d6bbf1e642e09f4c221e342 200
[debug] [2026-09-05T06:43:43.420Z] <<< [apiv2][body] POST https://upload-firebasehosting.googleapis.com/upload/sites/point-app-1f854/versions/65bf3ce175d433d2/files/3b71ef08539162139265819ca4757f6c935d77d21d6bbf1e642e09f4c221e342 [stream]
[debug] [2026-09-05T06:43:43.422Z] <<< [apiv2][status] POST https://upload-firebasehosting.googleapis.com/upload/sites/point-app-1f854/versions/65bf3ce175d433d2/files/1641d10ea811d2cde119245b9b07d595929b1b608382161abf4cde66701a2ee9 200
[debug] [2026-09-05T06:43:43.422Z] <<< [apiv2][body] POST https://upload-firebasehosting.googleapis.com/upload/sites/point-app-1f854/versions/65bf3ce175d433d2/files/1641d10ea811d2cde119245b9b07d595929b1b608382161abf4cde66701a2ee9 [stream]
[debug] [2026-09-05T06:43:43.434Z] <<< [apiv2][status] POST https://upload-firebasehosting.googleapis.com/upload/sites/point-app-1f854/versions/65bf3ce175d433d2/files/b334c44f8a3d0134cf73aaca3ceff1e84c4385bce772acde036a1a31897ad443 200
[debug] [2026-09-05T06:43:43.434Z] <<< [apiv2][body] POST https://upload-firebasehosting.googleapis.com/upload/sites/point-app-1f854/versions/65bf3ce175d433d2/files/b334c44f8a3d0134cf73aaca3ceff1e84c4385bce772acde036a1a31897ad443 [stream]
[debug] [2026-09-05T06:43:43.457Z] <<< [apiv2][status] POST https://upload-firebasehosting.googleapis.com/upload/sites/point-app-1f854/versions/65bf3ce175d433d2/files/b7b252f4568bf3411084c3fde5dd9903831cb14a8bf5324fd0068e16b4ee50f9 200
[debug] [2026-09-05T06:43:43.457Z] <<< [apiv2][body] POST https://upload-firebasehosting.googleapis.com/upload/sites/point-app-1f854/versions/65bf3ce175d433d2/files/b7b252f4568bf3411084c3fde5dd9903831cb14a8bf5324fd0068e16b4ee50f9 [stream]
[debug] [2026-09-05T06:43:43.465Z] <<< [apiv2][status] POST https://upload-firebasehosting.googleapis.com/upload/sites/point-app-1f854/versions/65bf3ce175d433d2/files/870519c22b27459df6ff4e164edbb6b88f281245acfb007cecd344a7ff7e7077 200
[debug] [2026-09-05T06:43:43.465Z] <<< [apiv2][body] POST https://upload-firebasehosting.googleapis.com/upload/sites/point-app-1f854/versions/65bf3ce175d433d2/files/870519c22b27459df6ff4e164edbb6b88f281245acfb007cecd344a7ff7e7077 [stream]
[debug] [2026-09-05T06:43:43.466Z] <<< [apiv2][status] POST https://upload-firebasehosting.googleapis.com/upload/sites/point-app-1f854/versions/65bf3ce175d433d2/files/53d3c9a67ddbe2bf27fb89feb8fa60963289142cabf67b5c265ffe653727dfa2 200
[debug] [2026-09-05T06:43:43.466Z] <<< [apiv2][body] POST https://upload-firebasehosting.googleapis.com/upload/sites/point-app-1f854/versions/65bf3ce175d433d2/files/53d3c9a67ddbe2bf27fb89feb8fa60963289142cabf67b5c265ffe653727dfa2 [stream]
[debug] [2026-09-05T06:43:43.479Z] <<< [apiv2][status] POST https://upload-firebasehosting.googleapis.com/upload/sites/point-app-1f854/versions/65bf3ce175d433d2/files/5c8d774e0492dad2a095ce1a40d2d0a38c2e822dd45e5a2cab24ad9b96c72b3b 200
[debug] [2026-09-05T06:43:43.479Z] <<< [apiv2][body] POST https://upload-firebasehosting.googleapis.com/upload/sites/point-app-1f854/versions/65bf3ce175d433d2/files/5c8d774e0492dad2a095ce1a40d2d0a38c2e822dd45e5a2cab24ad9b96c72b3b [stream]
[debug] [2026-09-05T06:43:43.496Z] <<< [apiv2][status] POST https://upload-firebasehosting.googleapis.com/upload/sites/point-app-1f854/versions/65bf3ce175d433d2/files/5252f9ef0a47f21936834c3accfc623e39686f921ebccd27686ed09d10b314a7 200
[debug] [2026-09-05T06:43:43.496Z] <<< [apiv2][body] POST https://upload-firebasehosting.googleapis.com/upload/sites/point-app-1f854/versions/65bf3ce175d433d2/files/5252f9ef0a47f21936834c3accfc623e39686f921ebccd27686ed09d10b314a7 [stream]
[debug] [2026-09-05T06:43:43.506Z] <<< [apiv2][status] POST https://upload-firebasehosting.googleapis.com/upload/sites/point-app-1f854/versions/65bf3ce175d433d2/files/2be494eb1962d3e9caf1ba4ea645ff04899ecc4b448cc69bbfd4b2b0db208dff 200
[debug] [2026-09-05T06:43:43.506Z] <<< [apiv2][body] POST https://upload-firebasehosting.googleapis.com/upload/sites/point-app-1f854/versions/65bf3ce175d433d2/files/2be494eb1962d3e9caf1ba4ea645ff04899ecc4b448cc69bbfd4b2b0db208dff [stream]
[debug] [2026-09-05T06:43:43.512Z] <<< [apiv2][status] POST https://upload-firebasehosting.googleapis.com/upload/sites/point-app-1f854/versions/65bf3ce175d433d2/files/430dce6c65a9d5aae4f4d6ecf4a3322659bb4c8d86987e9edd0b7d069ee42815 200
[debug] [2026-09-05T06:43:43.512Z] <<< [apiv2][body] POST https://upload-firebasehosting.googleapis.com/upload/sites/point-app-1f854/versions/65bf3ce175d433d2/files/430dce6c65a9d5aae4f4d6ecf4a3322659bb4c8d86987e9edd0b7d069ee42815 [stream]
[debug] [2026-09-05T06:43:43.514Z] <<< [apiv2][status] POST https://upload-firebasehosting.googleapis.com/upload/sites/point-app-1f854/versions/65bf3ce175d433d2/files/25872e6a92e356b86b1e0278e6c59e6c89bc05de3ee7e1985fd2b801e3dd6d8b 200
[debug] [2026-09-05T06:43:43.515Z] <<< [apiv2][body] POST https://upload-firebasehosting.googleapis.com/upload/sites/point-app-1f854/versions/65bf3ce175d433d2/files/25872e6a92e356b86b1e0278e6c59e6c89bc05de3ee7e1985fd2b801e3dd6d8b [stream]
[debug] [2026-09-05T06:43:43.515Z] <<< [apiv2][status] POST https://upload-firebasehosting.googleapis.com/upload/sites/point-app-1f854/versions/65bf3ce175d433d2/files/2763bfe9232a6b41b8bb3cb658a79500a233a2373dd32c639e9980a5a086614d 200
[debug] [2026-09-05T06:43:43.515Z] <<< [apiv2][body] POST https://upload-firebasehosting.googleapis.com/upload/sites/point-app-1f854/versions/65bf3ce175d433d2/files/2763bfe9232a6b41b8bb3cb658a79500a233a2373dd32c639e9980a5a086614d [stream]
[debug] [2026-09-05T06:43:43.516Z] <<< [apiv2][status] POST https://upload-firebasehosting.googleapis.com/upload/sites/point-app-1f854/versions/65bf3ce175d433d2/files/70ac3c762a5b6a9d364fd0e6b6ef1017a067bb511e65991b1a97ae17166fb14a 200
[debug] [2026-09-05T06:43:43.516Z] <<< [apiv2][body] POST https://upload-firebasehosting.googleapis.com/upload/sites/point-app-1f854/versions/65bf3ce175d433d2/files/70ac3c762a5b6a9d364fd0e6b6ef1017a067bb511e65991b1a97ae17166fb14a [stream]
[debug] [2026-09-05T06:43:43.530Z] <<< [apiv2][status] POST https://upload-firebasehosting.googleapis.com/upload/sites/point-app-1f854/versions/65bf3ce175d433d2/files/5bad3e373a1f41227f5632add949e9774e494feee6736c4db5774aec6f05ea32 200
[debug] [2026-09-05T06:43:43.530Z] <<< [apiv2][body] POST https://upload-firebasehosting.googleapis.com/upload/sites/point-app-1f854/versions/65bf3ce175d433d2/files/5bad3e373a1f41227f5632add949e9774e494feee6736c4db5774aec6f05ea32 [stream]
[debug] [2026-09-05T06:43:43.624Z] <<< [apiv2][status] POST https://upload-firebasehosting.googleapis.com/upload/sites/point-app-1f854/versions/65bf3ce175d433d2/files/0e53c1f148538b06d9e707f93ad80e64ba08433e79f7ab1ddf72fe5a7647b44b 200
[debug] [2026-09-05T06:43:43.624Z] <<< [apiv2][body] POST https://upload-firebasehosting.googleapis.com/upload/sites/point-app-1f854/versions/65bf3ce175d433d2/files/0e53c1f148538b06d9e707f93ad80e64ba08433e79f7ab1ddf72fe5a7647b44b [stream]
[debug] [2026-09-05T06:43:43.624Z] <<< [apiv2][status] POST https://upload-firebasehosting.googleapis.com/upload/sites/point-app-1f854/versions/65bf3ce175d433d2/files/456c46be2a5a8fae171dbd04471ca72c2f90b11ce550da90bfb87eb7e81eb4d8 200
[debug] [2026-09-05T06:43:43.624Z] <<< [apiv2][body] POST https://upload-firebasehosting.googleapis.com/upload/sites/point-app-1f854/versions/65bf3ce175d433d2/files/456c46be2a5a8fae171dbd04471ca72c2f90b11ce550da90bfb87eb7e81eb4d8 [stream]
[debug] [2026-09-05T06:43:43.624Z] <<< [apiv2][status] POST https://upload-firebasehosting.googleapis.com/upload/sites/point-app-1f854/versions/65bf3ce175d433d2/files/55ab23aaa3683a4f8bbe8e8a0788276768606babccf5a03082992944d4ee5364 200
[debug] [2026-09-05T06:43:43.624Z] <<< [apiv2][body] POST https://upload-firebasehosting.googleapis.com/upload/sites/point-app-1f854/versions/65bf3ce175d433d2/files/55ab23aaa3683a4f8bbe8e8a0788276768606babccf5a03082992944d4ee5364 [stream]
[debug] [2026-09-05T06:43:43.624Z] <<< [apiv2][status] POST https://upload-firebasehosting.googleapis.com/upload/sites/point-app-1f854/versions/65bf3ce175d433d2/files/49299200c146c0a04d9fa96f08427fb413a84eb6d995e66fe6f723063e902df7 200
[debug] [2026-09-05T06:43:43.624Z] <<< [apiv2][body] POST https://upload-firebasehosting.googleapis.com/upload/sites/point-app-1f854/versions/65bf3ce175d433d2/files/49299200c146c0a04d9fa96f08427fb413a84eb6d995e66fe6f723063e902df7 [stream]
[debug] [2026-09-05T06:43:43.624Z] <<< [apiv2][status] POST https://upload-firebasehosting.googleapis.com/upload/sites/point-app-1f854/versions/65bf3ce175d433d2/files/e466dfe437626218da249c50785b1f67f9131e386a7daea58fe20f54c6b6e859 200
[debug] [2026-09-05T06:43:43.624Z] <<< [apiv2][body] POST https://upload-firebasehosting.googleapis.com/upload/sites/point-app-1f854/versions/65bf3ce175d433d2/files/e466dfe437626218da249c50785b1f67f9131e386a7daea58fe20f54c6b6e859 [stream]
[debug] [2026-09-05T06:43:43.624Z] <<< [apiv2][status] POST https://upload-firebasehosting.googleapis.com/upload/sites/point-app-1f854/versions/65bf3ce175d433d2/files/4ac7ebcf43ee77ad041a3be634cbf4e818b957240e6802a433a1f98959337514 200
[debug] [2026-09-05T06:43:43.624Z] <<< [apiv2][body] POST https://upload-firebasehosting.googleapis.com/upload/sites/point-app-1f854/versions/65bf3ce175d433d2/files/4ac7ebcf43ee77ad041a3be634cbf4e818b957240e6802a433a1f98959337514 [stream]
[debug] [2026-09-05T06:43:43.625Z] <<< [apiv2][status] POST https://upload-firebasehosting.googleapis.com/upload/sites/point-app-1f854/versions/65bf3ce175d433d2/files/1061aa1179dc9f4679185f362ff436f4daf5bd9ea1b920eff7ec3390ef40e45d 200
[debug] [2026-09-05T06:43:43.625Z] <<< [apiv2][body] POST https://upload-firebasehosting.googleapis.com/upload/sites/point-app-1f854/versions/65bf3ce175d433d2/files/1061aa1179dc9f4679185f362ff436f4daf5bd9ea1b920eff7ec3390ef40e45d [stream]
[debug] [2026-09-05T06:43:43.625Z] <<< [apiv2][status] POST https://upload-firebasehosting.googleapis.com/upload/sites/point-app-1f854/versions/65bf3ce175d433d2/files/b6400caf8492c3d0068f8ed73bbffd8f85c9905504e048b93e6af891a37656f3 200
[debug] [2026-09-05T06:43:43.625Z] <<< [apiv2][body] POST https://upload-firebasehosting.googleapis.com/upload/sites/point-app-1f854/versions/65bf3ce175d433d2/files/b6400caf8492c3d0068f8ed73bbffd8f85c9905504e048b93e6af891a37656f3 [stream]
[debug] [2026-09-05T06:43:43.625Z] <<< [apiv2][status] POST https://upload-firebasehosting.googleapis.com/upload/sites/point-app-1f854/versions/65bf3ce175d433d2/files/3237f28117979c0fb33c1ed07305150c9ce9d7db294932c469955bc6e8a2ecb5 200
[debug] [2026-09-05T06:43:43.625Z] <<< [apiv2][body] POST https://upload-firebasehosting.googleapis.com/upload/sites/point-app-1f854/versions/65bf3ce175d433d2/files/3237f28117979c0fb33c1ed07305150c9ce9d7db294932c469955bc6e8a2ecb5 [stream]
[debug] [2026-09-05T06:43:43.690Z] <<< [apiv2][status] POST https://upload-firebasehosting.googleapis.com/upload/sites/point-app-1f854/versions/65bf3ce175d433d2/files/397b2d0595f78ae53b8591f9f6e0627c1145baa31fcedc59cbd11cbafbfeb9b7 200
[debug] [2026-09-05T06:43:43.691Z] <<< [apiv2][body] POST https://upload-firebasehosting.googleapis.com/upload/sites/point-app-1f854/versions/65bf3ce175d433d2/files/397b2d0595f78ae53b8591f9f6e0627c1145baa31fcedc59cbd11cbafbfeb9b7 [stream]
[debug] [2026-09-05T06:43:43.709Z] <<< [apiv2][status] POST https://upload-firebasehosting.googleapis.com/upload/sites/point-app-1f854/versions/65bf3ce175d433d2/files/157a31519c7dda5e24792aafb2f7e8f013d17f48871809dfb77cfef9797b8fe4 200
[debug] [2026-09-05T06:43:43.709Z] <<< [apiv2][body] POST https://upload-firebasehosting.googleapis.com/upload/sites/point-app-1f854/versions/65bf3ce175d433d2/files/157a31519c7dda5e24792aafb2f7e8f013d17f48871809dfb77cfef9797b8fe4 [stream]
[debug] [2026-09-05T06:43:43.750Z] <<< [apiv2][status] POST https://upload-firebasehosting.googleapis.com/upload/sites/point-app-1f854/versions/65bf3ce175d433d2/files/186817c1393c7fca11d06b718ac277d85c9f091ae0cf25417548f35b6ed33774 200
[debug] [2026-09-05T06:43:43.750Z] <<< [apiv2][body] POST https://upload-firebasehosting.googleapis.com/upload/sites/point-app-1f854/versions/65bf3ce175d433d2/files/186817c1393c7fca11d06b718ac277d85c9f091ae0cf25417548f35b6ed33774 [stream]
[debug] [2026-09-05T06:43:43.769Z] <<< [apiv2][status] POST https://upload-firebasehosting.googleapis.com/upload/sites/point-app-1f854/versions/65bf3ce175d433d2/files/3744e818e24c4c298ee85377a3c758eafcd3eebd217373fcae46564d86a1c62d 200
[debug] [2026-09-05T06:43:43.769Z] <<< [apiv2][body] POST https://upload-firebasehosting.googleapis.com/upload/sites/point-app-1f854/versions/65bf3ce175d433d2/files/3744e818e24c4c298ee85377a3c758eafcd3eebd217373fcae46564d86a1c62d [stream]
[debug] [2026-09-05T06:43:43.787Z] <<< [apiv2][status] POST https://upload-firebasehosting.googleapis.com/upload/sites/point-app-1f854/versions/65bf3ce175d433d2/files/e0aae45f67ac5c8c2aedab7e5ef2c558ae3cfce47ac23d5f374f6e21764b4726 200
[debug] [2026-09-05T06:43:43.787Z] <<< [apiv2][body] POST https://upload-firebasehosting.googleapis.com/upload/sites/point-app-1f854/versions/65bf3ce175d433d2/files/e0aae45f67ac5c8c2aedab7e5ef2c558ae3cfce47ac23d5f374f6e21764b4726 [stream]
[debug] [2026-09-05T06:43:43.824Z] <<< [apiv2][status] POST https://upload-firebasehosting.googleapis.com/upload/sites/point-app-1f854/versions/65bf3ce175d433d2/files/d721231534674e0e4b84baf2fd57a2111870785a7e20de7a0ecca0acc73cd26a 200
[debug] [2026-09-05T06:43:43.824Z] <<< [apiv2][body] POST https://upload-firebasehosting.googleapis.com/upload/sites/point-app-1f854/versions/65bf3ce175d433d2/files/d721231534674e0e4b84baf2fd57a2111870785a7e20de7a0ecca0acc73cd26a [stream]
[debug] [2026-09-05T06:43:43.825Z] <<< [apiv2][status] POST https://upload-firebasehosting.googleapis.com/upload/sites/point-app-1f854/versions/65bf3ce175d433d2/files/3e2ca1b6132b2593bb41593819b57bc2b39fa1fe853c30146a12e59fb5570778 200
[debug] [2026-09-05T06:43:43.825Z] <<< [apiv2][body] POST https://upload-firebasehosting.googleapis.com/upload/sites/point-app-1f854/versions/65bf3ce175d433d2/files/3e2ca1b6132b2593bb41593819b57bc2b39fa1fe853c30146a12e59fb5570778 [stream]
[debug] [2026-09-05T06:43:43.825Z] [hosting][upload queue][FINAL] {"max":2072,"min":1355,"avg":1701.923076923077,"active":0,"complete":52,"success":52,"errored":0,"retried":0,"total":52,"elapsed":2076}
[info] i  hosting: upload complete 
[info] ✔  hosting[point-app-1f854]: file upload complete 
[debug] [2026-09-05T06:43:43.826Z] [hosting] deploy completed after 3813ms
[info] i  functions: updating Node.js 24 (2nd Gen) function firebase-frameworks-point-app-1f854:ssrpointapp1f854(us-central1)... 
[debug] [2026-09-05T06:43:43.830Z] Checked if tokens are valid: true, expires at: 1788592109661
[debug] [2026-09-05T06:43:43.830Z] Checked if tokens are valid: true, expires at: 1788592109661
[debug] [2026-09-05T06:43:43.831Z] >>> [apiv2][query] PATCH https://cloudfunctions.googleapis.com/v2/projects/point-app-1f854/locations/us-central1/functions/ssrpointapp1f854 updateMask=name%2CbuildConfig.runtime%2CbuildConfig.entryPoint%2CbuildConfig.source.storageSource.bucket%2CbuildConfig.source.storageSource.object%2CbuildConfig.environmentVariables%2CbuildConfig.sourceToken%2CserviceConfig.environmentVariables%2CserviceConfig.ingressSettings%2CserviceConfig.timeoutSeconds%2CserviceConfig.serviceAccountEmail%2CserviceConfig.availableMemory%2CserviceConfig.minInstanceCount%2CserviceConfig.maxInstanceCount%2CserviceConfig.maxInstanceRequestConcurrency%2CserviceConfig.availableCpu%2CserviceConfig.vpcConnector%2CserviceConfig.vpcConnectorEgressSettings%2CserviceConfig.directVpcNetworkInterface%2CserviceConfig.directVpcEgress%2Clabels
[debug] [2026-09-05T06:43:43.831Z] >>> [apiv2][body] PATCH https://cloudfunctions.googleapis.com/v2/projects/point-app-1f854/locations/us-central1/functions/ssrpointapp1f854 {"name":"projects/point-app-1f854/locations/us-central1/functions/ssrpointapp1f854","buildConfig":{"runtime":"nodejs24","entryPoint":"ssrpointapp1f854","source":{"storageSource":{"bucket":"gcf-v2-uploads-892402029397.us-central1.cloudfunctions.appspot.com","object":"bda713ac-0d78-43c5-80e1-99829362a41f.zip"}},"environmentVariables":{"GOOGLE_NODE_RUN_SCRIPTS":""}},"serviceConfig":{"environmentVariables":{"VERCEL_URL":"point-app-1f854.web.app","__FIREBASE_FRAMEWORKS_ENTRY__":"next.js","__FIREBASE_DEFAULTS__":"{\"config\":{\"projectId\":\"point-app-1f854\",\"appId\":\"1:892402029397:web:d58294a612406c47ce95dc\",\"storageBucket\":\"point-app-1f854.firebasestorage.app\",\"apiKey\":\"AIzaSyDaoJLk44JYOQkij3XF_OUoui2cqjQLP_k\",\"authDomain\":\"point-app-1f854.firebaseapp.com\",\"messagingSenderId\":\"892402029397\",\"projectNumber\":\"892402029397\",\"version\":\"2\"},\"_authTokenSyncURL\":\"/__session\"}","FIREBASE_CONFIG":"{\"projectId\":\"point-app-1f854\",\"storageBucket\":\"point-app-1f854.firebasestorage.app\"}","GCLOUD_PROJECT":"point-app-1f854","EVENTARC_CLOUD_EVENT_SOURCE":"projects/point-app-1f854/locations/us-central1/services/ssrpointapp1f854","FUNCTION_TARGET":"ssrpointapp1f854","LOG_EXECUTION_ID":"true"},"ingressSettings":null,"timeoutSeconds":null,"serviceAccountEmail":null,"availableMemory":"256Mi","minInstanceCount":null,"maxInstanceCount":null,"maxInstanceRequestConcurrency":80,"availableCpu":"1","vpcConnector":null,"vpcConnectorEgressSettings":null,"directVpcNetworkInterface":null,"directVpcEgress":null},"labels":{"deployment-tool":"cli-firebase","firebase-functions-codebase":"firebase-frameworks-point-app-1f854","firebase-functions-hash":"ac4e7932beb1bed8030fd1a787c87fe6cfc7ff87"}}
[debug] [2026-09-05T06:43:45.840Z] <<< [apiv2][status] PATCH https://cloudfunctions.googleapis.com/v2/projects/point-app-1f854/locations/us-central1/functions/ssrpointapp1f854 200
[debug] [2026-09-05T06:43:45.840Z] <<< [apiv2][body] PATCH https://cloudfunctions.googleapis.com/v2/projects/point-app-1f854/locations/us-central1/functions/ssrpointapp1f854 {"name":"projects/point-app-1f854/locations/us-central1/operations/operation-1788590624851-65ab6b4d7c46f-bac8c482-ef4c9763","metadata":{"@type":"type.googleapis.com/google.cloud.functions.v2.OperationMetadata","createTime":"2026-09-05T06:43:45.725584777Z","target":"projects/point-app-1f854/locations/us-central1/functions/ssrpointapp1f854","verb":"update","cancelRequested":false,"apiVersion":"v2"},"done":false}
[debug] [2026-09-05T06:43:45.841Z] Checked if tokens are valid: true, expires at: 1788592109661
[debug] [2026-09-05T06:43:45.841Z] Checked if tokens are valid: true, expires at: 1788592109661
[debug] [2026-09-05T06:43:45.841Z] >>> [apiv2][query] GET https://cloudfunctions.googleapis.com/v2/projects/point-app-1f854/locations/us-central1/operations/operation-1788590624851-65ab6b4d7c46f-bac8c482-ef4c9763 [none]
[debug] [2026-09-05T06:43:46.965Z] <<< [apiv2][status] GET https://cloudfunctions.googleapis.com/v2/projects/point-app-1f854/locations/us-central1/operations/operation-1788590624851-65ab6b4d7c46f-bac8c482-ef4c9763 200
[debug] [2026-09-05T06:43:46.965Z] <<< [apiv2][body] GET https://cloudfunctions.googleapis.com/v2/projects/point-app-1f854/locations/us-central1/operations/operation-1788590624851-65ab6b4d7c46f-bac8c482-ef4c9763 {"name":"projects/point-app-1f854/locations/us-central1/operations/operation-1788590624851-65ab6b4d7c46f-bac8c482-ef4c9763","metadata":{"@type":"type.googleapis.com/google.cloud.functions.v2.OperationMetadata","createTime":"2026-09-05T06:43:45.725584777Z","target":"projects/point-app-1f854/locations/us-central1/functions/ssrpointapp1f854","verb":"update","cancelRequested":false,"apiVersion":"v2","requestResource":{"@type":"type.googleapis.com/google.cloud.functions.v2.Function","name":"projects/point-app-1f854/locations/us-central1/functions/ssrpointapp1f854","buildConfig":{"runtime":"nodejs24","entryPoint":"ssrpointapp1f854","source":{"storageSource":{"bucket":"gcf-v2-sources-892402029397-us-central1","object":"ssrpointapp1f854/function-source.zip","generation":"1788590625664810"}},"environmentVariables":{"GOOGLE_NODE_RUN_SCRIPTS":""},"dockerRepository":"projects/point-app-1f854/locations/us-central1/repositories/gcf-artifacts","sourceProvenance":{"resolvedStorageSource":{"bucket":"gcf-v2-sources-892402029397-us-central1","object":"ssrpointapp1f854/function-source.zip","generation":"1788588569726420"}},"dockerRegistry":"ARTIFACT_REGISTRY","serviceAccount":"projects/point-app-1f854/serviceAccounts/892402029397-compute@developer.gserviceaccount.com","automaticUpdatePolicy":{}},"serviceConfig":{"service":"projects/point-app-1f854/locations/us-central1/services/ssrpointapp1f854","timeoutSeconds":60,"environmentVariables":{"VERCEL_URL":"point-app-1f854.web.app","__FIREBASE_FRAMEWORKS_ENTRY__":"next.js","__FIREBASE_DEFAULTS__":"{\"config\":{\"projectId\":\"point-app-1f854\",\"appId\":\"1:892402029397:web:d58294a612406c47ce95dc\",\"storageBucket\":\"point-app-1f854.firebasestorage.app\",\"apiKey\":\"AIzaSyDaoJLk44JYOQkij3XF_OUoui2cqjQLP_k\",\"authDomain\":\"point-app-1f854.firebaseapp.com\",\"messagingSenderId\":\"892402029397\",\"projectNumber\":\"892402029397\",\"version\":\"2\"},\"_authTokenSyncURL\":\"/__session\"}","FIREBASE_CONFIG":"{\"projectId\":\"point-app-1f854\",\"storageBucket\":\"point-app-1f854.firebasestorage.app\"}","GCLOUD_PROJECT":"point-app-1f854","EVENTARC_CLOUD_EVENT_SOURCE":"projects/point-app-1f854/locations/us-central1/services/ssrpointapp1f854","FUNCTION_TARGET":"ssrpointapp1f854","LOG_EXECUTION_ID":"true"},"ingressSettings":"ALLOW_ALL","uri":"https://ssrpointapp1f854-khk333dhrq-uc.a.run.app","serviceAccountEmail":"892402029397-compute@developer.gserviceaccount.com","availableMemory":"256Mi","allTrafficOnLatestRevision":true,"revision":"ssrpointapp1f854-00050-yaf","maxInstanceRequestConcurrency":80,"availableCpu":"1"},"state":"ACTIVE","labels":{"deployment-tool":"cli-firebase","firebase-functions-codebase":"firebase-frameworks-point-app-1f854","firebase-functions-hash":"ac4e7932beb1bed8030fd1a787c87fe6cfc7ff87"},"environment":"GEN_2","url":"https://us-central1-point-app-1f854.cloudfunctions.net/ssrpointapp1f854","satisfiesPzi":true},"stages":[{"name":"BUILD","message":"Creating build","state":"IN_PROGRESS","resource":"projects/892402029397/locations/us-central1/builds/441e82fb-4aa7-43e8-9bbf-2b460539cfc0","resourceUri":"https://console.cloud.google.com/cloud-build/builds;region=us-central1/441e82fb-4aa7-43e8-9bbf-2b460539cfc0?project=892402029397"},{"name":"SERVICE","state":"NOT_STARTED"}],"operationType":"UPDATE_FUNCTION","buildName":"projects/892402029397/locations/us-central1/builds/441e82fb-4aa7-43e8-9bbf-2b460539cfc0"},"done":false}
[debug] [2026-09-05T06:43:47.467Z] [update-firebase-frameworks-point-app-1f854-us-central1-ssrpointapp1f854] Retrying task index 0
[debug] [2026-09-05T06:43:47.468Z] Checked if tokens are valid: true, expires at: 1788592109661
[debug] [2026-09-05T06:43:47.468Z] Checked if tokens are valid: true, expires at: 1788592109661
[debug] [2026-09-05T06:43:47.468Z] >>> [apiv2][query] GET https://cloudfunctions.googleapis.com/v2/projects/point-app-1f854/locations/us-central1/operations/operation-1788590624851-65ab6b4d7c46f-bac8c482-ef4c9763 [none]
[debug] [2026-09-05T06:43:48.549Z] <<< [apiv2][status] GET https://cloudfunctions.googleapis.com/v2/projects/point-app-1f854/locations/us-central1/operations/operation-1788590624851-65ab6b4d7c46f-bac8c482-ef4c9763 200
[debug] [2026-09-05T06:43:48.550Z] <<< [apiv2][body] GET https://cloudfunctions.googleapis.com/v2/projects/point-app-1f854/locations/us-central1/operations/operation-1788590624851-65ab6b4d7c46f-bac8c482-ef4c9763 {"name":"projects/point-app-1f854/locations/us-central1/operations/operation-1788590624851-65ab6b4d7c46f-bac8c482-ef4c9763","metadata":{"@type":"type.googleapis.com/google.cloud.functions.v2.OperationMetadata","createTime":"2026-09-05T06:43:45.725584777Z","target":"projects/point-app-1f854/locations/us-central1/functions/ssrpointapp1f854","verb":"update","cancelRequested":false,"apiVersion":"v2","requestResource":{"@type":"type.googleapis.com/google.cloud.functions.v2.Function","name":"projects/point-app-1f854/locations/us-central1/functions/ssrpointapp1f854","buildConfig":{"runtime":"nodejs24","entryPoint":"ssrpointapp1f854","source":{"storageSource":{"bucket":"gcf-v2-sources-892402029397-us-central1","object":"ssrpointapp1f854/function-source.zip","generation":"1788590625664810"}},"environmentVariables":{"GOOGLE_NODE_RUN_SCRIPTS":""},"dockerRepository":"projects/point-app-1f854/locations/us-central1/repositories/gcf-artifacts","sourceProvenance":{"resolvedStorageSource":{"bucket":"gcf-v2-sources-892402029397-us-central1","object":"ssrpointapp1f854/function-source.zip","generation":"1788588569726420"}},"dockerRegistry":"ARTIFACT_REGISTRY","serviceAccount":"projects/point-app-1f854/serviceAccounts/892402029397-compute@developer.gserviceaccount.com","automaticUpdatePolicy":{}},"serviceConfig":{"service":"projects/point-app-1f854/locations/us-central1/services/ssrpointapp1f854","timeoutSeconds":60,"environmentVariables":{"VERCEL_URL":"point-app-1f854.web.app","__FIREBASE_FRAMEWORKS_ENTRY__":"next.js","__FIREBASE_DEFAULTS__":"{\"config\":{\"projectId\":\"point-app-1f854\",\"appId\":\"1:892402029397:web:d58294a612406c47ce95dc\",\"storageBucket\":\"point-app-1f854.firebasestorage.app\",\"apiKey\":\"AIzaSyDaoJLk44JYOQkij3XF_OUoui2cqjQLP_k\",\"authDomain\":\"point-app-1f854.firebaseapp.com\",\"messagingSenderId\":\"892402029397\",\"projectNumber\":\"892402029397\",\"version\":\"2\"},\"_authTokenSyncURL\":\"/__session\"}","FIREBASE_CONFIG":"{\"projectId\":\"point-app-1f854\",\"storageBucket\":\"point-app-1f854.firebasestorage.app\"}","GCLOUD_PROJECT":"point-app-1f854","EVENTARC_CLOUD_EVENT_SOURCE":"projects/point-app-1f854/locations/us-central1/services/ssrpointapp1f854","FUNCTION_TARGET":"ssrpointapp1f854","LOG_EXECUTION_ID":"true"},"ingressSettings":"ALLOW_ALL","uri":"https://ssrpointapp1f854-khk333dhrq-uc.a.run.app","serviceAccountEmail":"892402029397-compute@developer.gserviceaccount.com","availableMemory":"256Mi","allTrafficOnLatestRevision":true,"revision":"ssrpointapp1f854-00050-yaf","maxInstanceRequestConcurrency":80,"availableCpu":"1"},"state":"ACTIVE","labels":{"deployment-tool":"cli-firebase","firebase-functions-codebase":"firebase-frameworks-point-app-1f854","firebase-functions-hash":"ac4e7932beb1bed8030fd1a787c87fe6cfc7ff87"},"environment":"GEN_2","url":"https://us-central1-point-app-1f854.cloudfunctions.net/ssrpointapp1f854","satisfiesPzi":true},"stages":[{"name":"BUILD","message":"Build in progress","state":"IN_PROGRESS","resource":"projects/892402029397/locations/us-central1/builds/441e82fb-4aa7-43e8-9bbf-2b460539cfc0","resourceUri":"https://console.cloud.google.com/cloud-build/builds;region=us-central1/441e82fb-4aa7-43e8-9bbf-2b460539cfc0?project=892402029397"},{"name":"SERVICE","state":"NOT_STARTED"}],"operationType":"UPDATE_FUNCTION","buildName":"projects/892402029397/locations/us-central1/builds/441e82fb-4aa7-43e8-9bbf-2b460539cfc0"},"done":false}
[debug] [2026-09-05T06:43:49.550Z] [update-firebase-frameworks-point-app-1f854-us-central1-ssrpointapp1f854] Retrying task index 0
[debug] [2026-09-05T06:43:49.551Z] Checked if tokens are valid: true, expires at: 1788592109661
[debug] [2026-09-05T06:43:49.551Z] Checked if tokens are valid: true, expires at: 1788592109661
[debug] [2026-09-05T06:43:49.551Z] >>> [apiv2][query] GET https://cloudfunctions.googleapis.com/v2/projects/point-app-1f854/locations/us-central1/operations/operation-1788590624851-65ab6b4d7c46f-bac8c482-ef4c9763 [none]
[debug] [2026-09-05T06:43:50.657Z] <<< [apiv2][status] GET https://cloudfunctions.googleapis.com/v2/projects/point-app-1f854/locations/us-central1/operations/operation-1788590624851-65ab6b4d7c46f-bac8c482-ef4c9763 200
[debug] [2026-09-05T06:43:50.658Z] <<< [apiv2][body] GET https://cloudfunctions.googleapis.com/v2/projects/point-app-1f854/locations/us-central1/operations/operation-1788590624851-65ab6b4d7c46f-bac8c482-ef4c9763 {"name":"projects/point-app-1f854/locations/us-central1/operations/operation-1788590624851-65ab6b4d7c46f-bac8c482-ef4c9763","metadata":{"@type":"type.googleapis.com/google.cloud.functions.v2.OperationMetadata","createTime":"2026-09-05T06:43:45.725584777Z","target":"projects/point-app-1f854/locations/us-central1/functions/ssrpointapp1f854","verb":"update","cancelRequested":false,"apiVersion":"v2","requestResource":{"@type":"type.googleapis.com/google.cloud.functions.v2.Function","name":"projects/point-app-1f854/locations/us-central1/functions/ssrpointapp1f854","buildConfig":{"runtime":"nodejs24","entryPoint":"ssrpointapp1f854","source":{"storageSource":{"bucket":"gcf-v2-sources-892402029397-us-central1","object":"ssrpointapp1f854/function-source.zip","generation":"1788590625664810"}},"environmentVariables":{"GOOGLE_NODE_RUN_SCRIPTS":""},"dockerRepository":"projects/point-app-1f854/locations/us-central1/repositories/gcf-artifacts","sourceProvenance":{"resolvedStorageSource":{"bucket":"gcf-v2-sources-892402029397-us-central1","object":"ssrpointapp1f854/function-source.zip","generation":"1788588569726420"}},"dockerRegistry":"ARTIFACT_REGISTRY","serviceAccount":"projects/point-app-1f854/serviceAccounts/892402029397-compute@developer.gserviceaccount.com","automaticUpdatePolicy":{}},"serviceConfig":{"service":"projects/point-app-1f854/locations/us-central1/services/ssrpointapp1f854","timeoutSeconds":60,"environmentVariables":{"VERCEL_URL":"point-app-1f854.web.app","__FIREBASE_FRAMEWORKS_ENTRY__":"next.js","__FIREBASE_DEFAULTS__":"{\"config\":{\"projectId\":\"point-app-1f854\",\"appId\":\"1:892402029397:web:d58294a612406c47ce95dc\",\"storageBucket\":\"point-app-1f854.firebasestorage.app\",\"apiKey\":\"AIzaSyDaoJLk44JYOQkij3XF_OUoui2cqjQLP_k\",\"authDomain\":\"point-app-1f854.firebaseapp.com\",\"messagingSenderId\":\"892402029397\",\"projectNumber\":\"892402029397\",\"version\":\"2\"},\"_authTokenSyncURL\":\"/__session\"}","FIREBASE_CONFIG":"{\"projectId\":\"point-app-1f854\",\"storageBucket\":\"point-app-1f854.firebasestorage.app\"}","GCLOUD_PROJECT":"point-app-1f854","EVENTARC_CLOUD_EVENT_SOURCE":"projects/point-app-1f854/locations/us-central1/services/ssrpointapp1f854","FUNCTION_TARGET":"ssrpointapp1f854","LOG_EXECUTION_ID":"true"},"ingressSettings":"ALLOW_ALL","uri":"https://ssrpointapp1f854-khk333dhrq-uc.a.run.app","serviceAccountEmail":"892402029397-compute@developer.gserviceaccount.com","availableMemory":"256Mi","allTrafficOnLatestRevision":true,"revision":"ssrpointapp1f854-00050-yaf","maxInstanceRequestConcurrency":80,"availableCpu":"1"},"state":"ACTIVE","labels":{"deployment-tool":"cli-firebase","firebase-functions-codebase":"firebase-frameworks-point-app-1f854","firebase-functions-hash":"ac4e7932beb1bed8030fd1a787c87fe6cfc7ff87"},"environment":"GEN_2","url":"https://us-central1-point-app-1f854.cloudfunctions.net/ssrpointapp1f854","satisfiesPzi":true},"stages":[{"name":"BUILD","message":"Build in progress","state":"IN_PROGRESS","resource":"projects/892402029397/locations/us-central1/builds/441e82fb-4aa7-43e8-9bbf-2b460539cfc0","resourceUri":"https://console.cloud.google.com/cloud-build/builds;region=us-central1/441e82fb-4aa7-43e8-9bbf-2b460539cfc0?project=892402029397"},{"name":"SERVICE","state":"NOT_STARTED"}],"operationType":"UPDATE_FUNCTION","buildName":"projects/892402029397/locations/us-central1/builds/441e82fb-4aa7-43e8-9bbf-2b460539cfc0"},"done":false}
[debug] [2026-09-05T06:43:52.660Z] [update-firebase-frameworks-point-app-1f854-us-central1-ssrpointapp1f854] Retrying task index 0
[debug] [2026-09-05T06:43:52.660Z] Checked if tokens are valid: true, expires at: 1788592109661
[debug] [2026-09-05T06:43:52.660Z] Checked if tokens are valid: true, expires at: 1788592109661
[debug] [2026-09-05T06:43:52.660Z] >>> [apiv2][query] GET https://cloudfunctions.googleapis.com/v2/projects/point-app-1f854/locations/us-central1/operations/operation-1788590624851-65ab6b4d7c46f-bac8c482-ef4c9763 [none]
[debug] [2026-09-05T06:43:53.914Z] <<< [apiv2][status] GET https://cloudfunctions.googleapis.com/v2/projects/point-app-1f854/locations/us-central1/operations/operation-1788590624851-65ab6b4d7c46f-bac8c482-ef4c9763 200
[debug] [2026-09-05T06:43:53.914Z] <<< [apiv2][body] GET https://cloudfunctions.googleapis.com/v2/projects/point-app-1f854/locations/us-central1/operations/operation-1788590624851-65ab6b4d7c46f-bac8c482-ef4c9763 {"name":"projects/point-app-1f854/locations/us-central1/operations/operation-1788590624851-65ab6b4d7c46f-bac8c482-ef4c9763","metadata":{"@type":"type.googleapis.com/google.cloud.functions.v2.OperationMetadata","createTime":"2026-09-05T06:43:45.725584777Z","target":"projects/point-app-1f854/locations/us-central1/functions/ssrpointapp1f854","verb":"update","cancelRequested":false,"apiVersion":"v2","requestResource":{"@type":"type.googleapis.com/google.cloud.functions.v2.Function","name":"projects/point-app-1f854/locations/us-central1/functions/ssrpointapp1f854","buildConfig":{"runtime":"nodejs24","entryPoint":"ssrpointapp1f854","source":{"storageSource":{"bucket":"gcf-v2-sources-892402029397-us-central1","object":"ssrpointapp1f854/function-source.zip","generation":"1788590625664810"}},"environmentVariables":{"GOOGLE_NODE_RUN_SCRIPTS":""},"dockerRepository":"projects/point-app-1f854/locations/us-central1/repositories/gcf-artifacts","sourceProvenance":{"resolvedStorageSource":{"bucket":"gcf-v2-sources-892402029397-us-central1","object":"ssrpointapp1f854/function-source.zip","generation":"1788588569726420"}},"dockerRegistry":"ARTIFACT_REGISTRY","serviceAccount":"projects/point-app-1f854/serviceAccounts/892402029397-compute@developer.gserviceaccount.com","automaticUpdatePolicy":{}},"serviceConfig":{"service":"projects/point-app-1f854/locations/us-central1/services/ssrpointapp1f854","timeoutSeconds":60,"environmentVariables":{"VERCEL_URL":"point-app-1f854.web.app","__FIREBASE_FRAMEWORKS_ENTRY__":"next.js","__FIREBASE_DEFAULTS__":"{\"config\":{\"projectId\":\"point-app-1f854\",\"appId\":\"1:892402029397:web:d58294a612406c47ce95dc\",\"storageBucket\":\"point-app-1f854.firebasestorage.app\",\"apiKey\":\"AIzaSyDaoJLk44JYOQkij3XF_OUoui2cqjQLP_k\",\"authDomain\":\"point-app-1f854.firebaseapp.com\",\"messagingSenderId\":\"892402029397\",\"projectNumber\":\"892402029397\",\"version\":\"2\"},\"_authTokenSyncURL\":\"/__session\"}","FIREBASE_CONFIG":"{\"projectId\":\"point-app-1f854\",\"storageBucket\":\"point-app-1f854.firebasestorage.app\"}","GCLOUD_PROJECT":"point-app-1f854","EVENTARC_CLOUD_EVENT_SOURCE":"projects/point-app-1f854/locations/us-central1/services/ssrpointapp1f854","FUNCTION_TARGET":"ssrpointapp1f854","LOG_EXECUTION_ID":"true"},"ingressSettings":"ALLOW_ALL","uri":"https://ssrpointapp1f854-khk333dhrq-uc.a.run.app","serviceAccountEmail":"892402029397-compute@developer.gserviceaccount.com","availableMemory":"256Mi","allTrafficOnLatestRevision":true,"revision":"ssrpointapp1f854-00050-yaf","maxInstanceRequestConcurrency":80,"availableCpu":"1"},"state":"ACTIVE","labels":{"deployment-tool":"cli-firebase","firebase-functions-codebase":"firebase-frameworks-point-app-1f854","firebase-functions-hash":"ac4e7932beb1bed8030fd1a787c87fe6cfc7ff87"},"environment":"GEN_2","url":"https://us-central1-point-app-1f854.cloudfunctions.net/ssrpointapp1f854","satisfiesPzi":true},"stages":[{"name":"BUILD","message":"Build in progress","state":"IN_PROGRESS","resource":"projects/892402029397/locations/us-central1/builds/441e82fb-4aa7-43e8-9bbf-2b460539cfc0","resourceUri":"https://console.cloud.google.com/cloud-build/builds;region=us-central1/441e82fb-4aa7-43e8-9bbf-2b460539cfc0?project=892402029397"},{"name":"SERVICE","state":"NOT_STARTED"}],"operationType":"UPDATE_FUNCTION","buildName":"projects/892402029397/locations/us-central1/builds/441e82fb-4aa7-43e8-9bbf-2b460539cfc0"},"done":false}
[debug] [2026-09-05T06:43:57.915Z] [update-firebase-frameworks-point-app-1f854-us-central1-ssrpointapp1f854] Retrying task index 0
[debug] [2026-09-05T06:43:57.916Z] Checked if tokens are valid: true, expires at: 1788592109661
[debug] [2026-09-05T06:43:57.916Z] Checked if tokens are valid: true, expires at: 1788592109661
[debug] [2026-09-05T06:43:57.916Z] >>> [apiv2][query] GET https://cloudfunctions.googleapis.com/v2/projects/point-app-1f854/locations/us-central1/operations/operation-1788590624851-65ab6b4d7c46f-bac8c482-ef4c9763 [none]
[debug] [2026-09-05T06:43:59.019Z] <<< [apiv2][status] GET https://cloudfunctions.googleapis.com/v2/projects/point-app-1f854/locations/us-central1/operations/operation-1788590624851-65ab6b4d7c46f-bac8c482-ef4c9763 200
[debug] [2026-09-05T06:43:59.019Z] <<< [apiv2][body] GET https://cloudfunctions.googleapis.com/v2/projects/point-app-1f854/locations/us-central1/operations/operation-1788590624851-65ab6b4d7c46f-bac8c482-ef4c9763 {"name":"projects/point-app-1f854/locations/us-central1/operations/operation-1788590624851-65ab6b4d7c46f-bac8c482-ef4c9763","metadata":{"@type":"type.googleapis.com/google.cloud.functions.v2.OperationMetadata","createTime":"2026-09-05T06:43:45.725584777Z","target":"projects/point-app-1f854/locations/us-central1/functions/ssrpointapp1f854","verb":"update","cancelRequested":false,"apiVersion":"v2","requestResource":{"@type":"type.googleapis.com/google.cloud.functions.v2.Function","name":"projects/point-app-1f854/locations/us-central1/functions/ssrpointapp1f854","buildConfig":{"runtime":"nodejs24","entryPoint":"ssrpointapp1f854","source":{"storageSource":{"bucket":"gcf-v2-sources-892402029397-us-central1","object":"ssrpointapp1f854/function-source.zip","generation":"1788590625664810"}},"environmentVariables":{"GOOGLE_NODE_RUN_SCRIPTS":""},"dockerRepository":"projects/point-app-1f854/locations/us-central1/repositories/gcf-artifacts","sourceProvenance":{"resolvedStorageSource":{"bucket":"gcf-v2-sources-892402029397-us-central1","object":"ssrpointapp1f854/function-source.zip","generation":"1788588569726420"}},"dockerRegistry":"ARTIFACT_REGISTRY","serviceAccount":"projects/point-app-1f854/serviceAccounts/892402029397-compute@developer.gserviceaccount.com","automaticUpdatePolicy":{}},"serviceConfig":{"service":"projects/point-app-1f854/locations/us-central1/services/ssrpointapp1f854","timeoutSeconds":60,"environmentVariables":{"VERCEL_URL":"point-app-1f854.web.app","__FIREBASE_FRAMEWORKS_ENTRY__":"next.js","__FIREBASE_DEFAULTS__":"{\"config\":{\"projectId\":\"point-app-1f854\",\"appId\":\"1:892402029397:web:d58294a612406c47ce95dc\",\"storageBucket\":\"point-app-1f854.firebasestorage.app\",\"apiKey\":\"AIzaSyDaoJLk44JYOQkij3XF_OUoui2cqjQLP_k\",\"authDomain\":\"point-app-1f854.firebaseapp.com\",\"messagingSenderId\":\"892402029397\",\"projectNumber\":\"892402029397\",\"version\":\"2\"},\"_authTokenSyncURL\":\"/__session\"}","FIREBASE_CONFIG":"{\"projectId\":\"point-app-1f854\",\"storageBucket\":\"point-app-1f854.firebasestorage.app\"}","GCLOUD_PROJECT":"point-app-1f854","EVENTARC_CLOUD_EVENT_SOURCE":"projects/point-app-1f854/locations/us-central1/services/ssrpointapp1f854","FUNCTION_TARGET":"ssrpointapp1f854","LOG_EXECUTION_ID":"true"},"ingressSettings":"ALLOW_ALL","uri":"https://ssrpointapp1f854-khk333dhrq-uc.a.run.app","serviceAccountEmail":"892402029397-compute@developer.gserviceaccount.com","availableMemory":"256Mi","allTrafficOnLatestRevision":true,"revision":"ssrpointapp1f854-00050-yaf","maxInstanceRequestConcurrency":80,"availableCpu":"1"},"state":"ACTIVE","labels":{"deployment-tool":"cli-firebase","firebase-functions-codebase":"firebase-frameworks-point-app-1f854","firebase-functions-hash":"ac4e7932beb1bed8030fd1a787c87fe6cfc7ff87"},"environment":"GEN_2","url":"https://us-central1-point-app-1f854.cloudfunctions.net/ssrpointapp1f854","satisfiesPzi":true},"stages":[{"name":"BUILD","message":"Build in progress","state":"IN_PROGRESS","resource":"projects/892402029397/locations/us-central1/builds/441e82fb-4aa7-43e8-9bbf-2b460539cfc0","resourceUri":"https://console.cloud.google.com/cloud-build/builds;region=us-central1/441e82fb-4aa7-43e8-9bbf-2b460539cfc0?project=892402029397"},{"name":"SERVICE","state":"NOT_STARTED"}],"operationType":"UPDATE_FUNCTION","buildName":"projects/892402029397/locations/us-central1/builds/441e82fb-4aa7-43e8-9bbf-2b460539cfc0"},"done":false}
[debug] [2026-09-05T06:44:07.020Z] [update-firebase-frameworks-point-app-1f854-us-central1-ssrpointapp1f854] Retrying task index 0
[debug] [2026-09-05T06:44:07.021Z] Checked if tokens are valid: true, expires at: 1788592109661
[debug] [2026-09-05T06:44:07.021Z] Checked if tokens are valid: true, expires at: 1788592109661
[debug] [2026-09-05T06:44:07.021Z] >>> [apiv2][query] GET https://cloudfunctions.googleapis.com/v2/projects/point-app-1f854/locations/us-central1/operations/operation-1788590624851-65ab6b4d7c46f-bac8c482-ef4c9763 [none]
[debug] [2026-09-05T06:44:08.150Z] <<< [apiv2][status] GET https://cloudfunctions.googleapis.com/v2/projects/point-app-1f854/locations/us-central1/operations/operation-1788590624851-65ab6b4d7c46f-bac8c482-ef4c9763 200
[debug] [2026-09-05T06:44:08.150Z] <<< [apiv2][body] GET https://cloudfunctions.googleapis.com/v2/projects/point-app-1f854/locations/us-central1/operations/operation-1788590624851-65ab6b4d7c46f-bac8c482-ef4c9763 {"name":"projects/point-app-1f854/locations/us-central1/operations/operation-1788590624851-65ab6b4d7c46f-bac8c482-ef4c9763","metadata":{"@type":"type.googleapis.com/google.cloud.functions.v2.OperationMetadata","createTime":"2026-09-05T06:43:45.725584777Z","target":"projects/point-app-1f854/locations/us-central1/functions/ssrpointapp1f854","verb":"update","cancelRequested":false,"apiVersion":"v2","requestResource":{"@type":"type.googleapis.com/google.cloud.functions.v2.Function","name":"projects/point-app-1f854/locations/us-central1/functions/ssrpointapp1f854","buildConfig":{"runtime":"nodejs24","entryPoint":"ssrpointapp1f854","source":{"storageSource":{"bucket":"gcf-v2-sources-892402029397-us-central1","object":"ssrpointapp1f854/function-source.zip","generation":"1788590625664810"}},"environmentVariables":{"GOOGLE_NODE_RUN_SCRIPTS":""},"dockerRepository":"projects/point-app-1f854/locations/us-central1/repositories/gcf-artifacts","sourceProvenance":{"resolvedStorageSource":{"bucket":"gcf-v2-sources-892402029397-us-central1","object":"ssrpointapp1f854/function-source.zip","generation":"1788588569726420"}},"dockerRegistry":"ARTIFACT_REGISTRY","serviceAccount":"projects/point-app-1f854/serviceAccounts/892402029397-compute@developer.gserviceaccount.com","automaticUpdatePolicy":{}},"serviceConfig":{"service":"projects/point-app-1f854/locations/us-central1/services/ssrpointapp1f854","timeoutSeconds":60,"environmentVariables":{"VERCEL_URL":"point-app-1f854.web.app","__FIREBASE_FRAMEWORKS_ENTRY__":"next.js","__FIREBASE_DEFAULTS__":"{\"config\":{\"projectId\":\"point-app-1f854\",\"appId\":\"1:892402029397:web:d58294a612406c47ce95dc\",\"storageBucket\":\"point-app-1f854.firebasestorage.app\",\"apiKey\":\"AIzaSyDaoJLk44JYOQkij3XF_OUoui2cqjQLP_k\",\"authDomain\":\"point-app-1f854.firebaseapp.com\",\"messagingSenderId\":\"892402029397\",\"projectNumber\":\"892402029397\",\"version\":\"2\"},\"_authTokenSyncURL\":\"/__session\"}","FIREBASE_CONFIG":"{\"projectId\":\"point-app-1f854\",\"storageBucket\":\"point-app-1f854.firebasestorage.app\"}","GCLOUD_PROJECT":"point-app-1f854","EVENTARC_CLOUD_EVENT_SOURCE":"projects/point-app-1f854/locations/us-central1/services/ssrpointapp1f854","FUNCTION_TARGET":"ssrpointapp1f854","LOG_EXECUTION_ID":"true"},"ingressSettings":"ALLOW_ALL","uri":"https://ssrpointapp1f854-khk333dhrq-uc.a.run.app","serviceAccountEmail":"892402029397-compute@developer.gserviceaccount.com","availableMemory":"256Mi","allTrafficOnLatestRevision":true,"revision":"ssrpointapp1f854-00050-yaf","maxInstanceRequestConcurrency":80,"availableCpu":"1"},"state":"ACTIVE","labels":{"deployment-tool":"cli-firebase","firebase-functions-codebase":"firebase-frameworks-point-app-1f854","firebase-functions-hash":"ac4e7932beb1bed8030fd1a787c87fe6cfc7ff87"},"environment":"GEN_2","url":"https://us-central1-point-app-1f854.cloudfunctions.net/ssrpointapp1f854","satisfiesPzi":true},"stages":[{"name":"BUILD","message":"Build in progress","state":"IN_PROGRESS","resource":"projects/892402029397/locations/us-central1/builds/441e82fb-4aa7-43e8-9bbf-2b460539cfc0","resourceUri":"https://console.cloud.google.com/cloud-build/builds;region=us-central1/441e82fb-4aa7-43e8-9bbf-2b460539cfc0?project=892402029397"},{"name":"SERVICE","state":"NOT_STARTED"}],"operationType":"UPDATE_FUNCTION","buildName":"projects/892402029397/locations/us-central1/builds/441e82fb-4aa7-43e8-9bbf-2b460539cfc0"},"done":false}
[debug] [2026-09-05T06:44:18.151Z] [update-firebase-frameworks-point-app-1f854-us-central1-ssrpointapp1f854] Retrying task index 0
[debug] [2026-09-05T06:44:18.152Z] Checked if tokens are valid: true, expires at: 1788592109661
[debug] [2026-09-05T06:44:18.152Z] Checked if tokens are valid: true, expires at: 1788592109661
[debug] [2026-09-05T06:44:18.152Z] >>> [apiv2][query] GET https://cloudfunctions.googleapis.com/v2/projects/point-app-1f854/locations/us-central1/operations/operation-1788590624851-65ab6b4d7c46f-bac8c482-ef4c9763 [none]
[debug] [2026-09-05T06:44:19.311Z] <<< [apiv2][status] GET https://cloudfunctions.googleapis.com/v2/projects/point-app-1f854/locations/us-central1/operations/operation-1788590624851-65ab6b4d7c46f-bac8c482-ef4c9763 200
[debug] [2026-09-05T06:44:19.312Z] <<< [apiv2][body] GET https://cloudfunctions.googleapis.com/v2/projects/point-app-1f854/locations/us-central1/operations/operation-1788590624851-65ab6b4d7c46f-bac8c482-ef4c9763 {"name":"projects/point-app-1f854/locations/us-central1/operations/operation-1788590624851-65ab6b4d7c46f-bac8c482-ef4c9763","metadata":{"@type":"type.googleapis.com/google.cloud.functions.v2.OperationMetadata","createTime":"2026-09-05T06:43:45.725584777Z","target":"projects/point-app-1f854/locations/us-central1/functions/ssrpointapp1f854","verb":"update","cancelRequested":false,"apiVersion":"v2","requestResource":{"@type":"type.googleapis.com/google.cloud.functions.v2.Function","name":"projects/point-app-1f854/locations/us-central1/functions/ssrpointapp1f854","buildConfig":{"runtime":"nodejs24","entryPoint":"ssrpointapp1f854","source":{"storageSource":{"bucket":"gcf-v2-sources-892402029397-us-central1","object":"ssrpointapp1f854/function-source.zip","generation":"1788590625664810"}},"environmentVariables":{"GOOGLE_NODE_RUN_SCRIPTS":""},"dockerRepository":"projects/point-app-1f854/locations/us-central1/repositories/gcf-artifacts","sourceProvenance":{"resolvedStorageSource":{"bucket":"gcf-v2-sources-892402029397-us-central1","object":"ssrpointapp1f854/function-source.zip","generation":"1788588569726420"}},"dockerRegistry":"ARTIFACT_REGISTRY","serviceAccount":"projects/point-app-1f854/serviceAccounts/892402029397-compute@developer.gserviceaccount.com","automaticUpdatePolicy":{}},"serviceConfig":{"service":"projects/point-app-1f854/locations/us-central1/services/ssrpointapp1f854","timeoutSeconds":60,"environmentVariables":{"VERCEL_URL":"point-app-1f854.web.app","__FIREBASE_FRAMEWORKS_ENTRY__":"next.js","__FIREBASE_DEFAULTS__":"{\"config\":{\"projectId\":\"point-app-1f854\",\"appId\":\"1:892402029397:web:d58294a612406c47ce95dc\",\"storageBucket\":\"point-app-1f854.firebasestorage.app\",\"apiKey\":\"AIzaSyDaoJLk44JYOQkij3XF_OUoui2cqjQLP_k\",\"authDomain\":\"point-app-1f854.firebaseapp.com\",\"messagingSenderId\":\"892402029397\",\"projectNumber\":\"892402029397\",\"version\":\"2\"},\"_authTokenSyncURL\":\"/__session\"}","FIREBASE_CONFIG":"{\"projectId\":\"point-app-1f854\",\"storageBucket\":\"point-app-1f854.firebasestorage.app\"}","GCLOUD_PROJECT":"point-app-1f854","EVENTARC_CLOUD_EVENT_SOURCE":"projects/point-app-1f854/locations/us-central1/services/ssrpointapp1f854","FUNCTION_TARGET":"ssrpointapp1f854","LOG_EXECUTION_ID":"true"},"ingressSettings":"ALLOW_ALL","uri":"https://ssrpointapp1f854-khk333dhrq-uc.a.run.app","serviceAccountEmail":"892402029397-compute@developer.gserviceaccount.com","availableMemory":"256Mi","allTrafficOnLatestRevision":true,"revision":"ssrpointapp1f854-00050-yaf","maxInstanceRequestConcurrency":80,"availableCpu":"1"},"state":"ACTIVE","labels":{"deployment-tool":"cli-firebase","firebase-functions-codebase":"firebase-frameworks-point-app-1f854","firebase-functions-hash":"ac4e7932beb1bed8030fd1a787c87fe6cfc7ff87"},"environment":"GEN_2","url":"https://us-central1-point-app-1f854.cloudfunctions.net/ssrpointapp1f854","satisfiesPzi":true},"stages":[{"name":"BUILD","message":"Build in progress","state":"IN_PROGRESS","resource":"projects/892402029397/locations/us-central1/builds/441e82fb-4aa7-43e8-9bbf-2b460539cfc0","resourceUri":"https://console.cloud.google.com/cloud-build/builds;region=us-central1/441e82fb-4aa7-43e8-9bbf-2b460539cfc0?project=892402029397"},{"name":"SERVICE","state":"NOT_STARTED"}],"operationType":"UPDATE_FUNCTION","buildName":"projects/892402029397/locations/us-central1/builds/441e82fb-4aa7-43e8-9bbf-2b460539cfc0"},"done":false}
